source,target,value
Naruto,Sasuke,803
Sakura,Sasuke,492
Naruto,Sakura,447
Hinata,Naruto,326
Akamaru,Kiba,237
Orochimaru,Sasuke,219
Kiba,Naruto,216
Kakashi,Sasuke,182
Kurenai,Yakumo,176
Naruto,Tsunade,174
Ino,Sakura,169
Akamaru,Naruto,167
Kakashi,Naruto,151
Iruka,Naruto,126
Naruto,Neji,124
Lee,Naruto,106
Guy,Lee,100
Naruto,Orochimaru,100
Choji,Naruto,99
Hokage,Naruto,96
Naruto,Shikamaru,95
Lee,Sasuke,95
Hinata,Kiba,93
Gaara,Sasuke,86
Sasuke,Uchiha,86
Akahoshi,Sumaru,85
Sasuke,Shikamaru,79
Choji,Shikamaru,79
Gaara,Naruto,77
Orochimaru,Tsunade,76
Chishima,Toki,74
Hinata,Neji,74
Arashi,Sasame,74
Raiga,Ranmaru,68
Kakashi,Sakura,68
Mizuki,Naruto,67
Naruto,Pervy,65
Naruto,–,64
Iruka,Mizuki,64
Lee,Sakura,63
Moso,Sagi,61
Naruto,Shino,60
Akio,Gantetsu,60
Orochimaru,Sasame,59
Gaara,Lee,58
Ino,Sasuke,58
Naruto,the,57
Hinata,Shino,57
Arashi,Orochimaru,55
Sagi,Toki,53
Jiraiya,Naruto,53
Choji,Hinata,52
Komei,Moso,52
Lee,Neji,52
Akamaru,Hinata,51
Byakugan,Naruto,50
Naruto,Rasengan,50
Neji,Sasuke,50
Itachi,Sasuke,49
Arashi,Naruto,48
Naruto,The,47
Hokage,Sasuke,47
Sasuke,Tsunade,45
Naruto,Zabuza,45
Naruto,Yakumo,45
Chishima,Naruto,44
Menma,Naruto,44
Komei,Sagi,43
Kurenai,Naruto,42
Sagi,the,42
Jiraiya,Tsunade,42
Natsuhiboshi,Sumaru,41
Kiba,Shino,41
Kabuto,Sasuke,40
Kurenai,Sensei,40
Guy,Naruto,40
Byakugan,Hinata,39
Choji,Kiba,39
Sakura,Shikamaru,39
Bushy,Lee,39
Konohamaru,Naruto,38
Choji,Neji,38
Bushy,Naruto,37
Sakura,Sasame,37
Naruto,Sasame,37
Naruto,Toki,37
Kimimaro,Orochimaru,37
Kakashi,Lee,36
Akio,Todoroki,36
Choji,Sasuke,36
Chunin,Sasuke,36
Gantetsu,Todoroki,35
Choji,Ino,34
Chishima,Sagi,33
Akio,Naruto,33
Jiraiya,Orochimaru,32
Hanzaki,Sasame,32
Sakura,Tsunade,32
Hinata,Sasuke,32
Byakugan,Neji,31
Mizuki,Orochimaru,31
Hokage,Tsunade,31
Komei,the,31
Guy,Sasuke,31
Ino,Naruto,31
Naruto,Ninja,31
Humph,Naruto,30
Kiba,Shikamaru,30
Sasuke,Yoroi,30
Naruto,Yurinojou,30
Kurenai,Shino,30
Ino,Shikamaru,30
Orochimaru,the,29
Gantetsu,Naruto,29
Orochimaru,Sakura,29
Akamaru,Shino,29
Naruto,Sagi,28
Kabuto,Orochimaru,28
Moso,the,28
Iruka,Sasuke,28
Kiba,Neji,28
Naruto,Tazuna,27
Choji,Yurinojou,27
Sannin,Tsunade,27
Anko,Orochimaru,27
Kurenai,Sakura,27
Haruna,Naruto,27
Natsuhi,Sumaru,27
Gaara,Sakura,27
Mizura,Sumaru,26
Shizune,Tsunade,26
Kiba,Kurenai,26
Sensei,Yakumo,26
Sasuke,Sensei,26
Arashi,Sasuke,26
Chen,Peking,26
Asuma,Kurenai,25
Chidori,Naruto,25
Kakashi,Zabuza,24
Choji,Sakura,24
Lee,Tenten,24
Jiraiya,Pervy,24
Konohamaru,Tsunade,24
Kiba,Sasuke,24
Hinata,Kurenai,24
Hanzaki,Orochimaru,24
Akahoshi,Mizura,24
Chidori,Sasuke,24
Kabuto,Tsunade,24
Haku,Naruto,24
Haku,Sasuke,23
Naruto,Sensei,23
Ninja,Sasuke,23
Humph,Sasuke,23
Hinata,Sakura,23
Fujin,Raijin,23
Kakashi,Orochimaru,23
Karashi,Sansho,23
Gaara,Yashamaru,23
Akamaru,Sasuke,22
Kiba,Yakumo,22
Guy,Sakura,22
Hinata,Yakumo,22
Naruto,Sumaru,22
Naruto,Uchiha,22
Lee,Sensei,22
Moso,Owashi,22
Gaara,Shikamaru,22
Kabuto,Naruto,22
Hokage,Orochimaru,21
Sasuke,Zabuza,21
Naruto,Tenten,21
Sasuke,the,21
Haku,Zabuza,21
Gaara,Kankuro,21
Neji,Shikamaru,21
Orochimaru,Shizune,21
Kakashi,Kurenai,20
Naruto,Shadow,20
Guy,Kakashi,20
Naruto,Transform,20
Akamaru,Tsunade,20
Jonin,Naruto,20
Hinata,Tsunade,20
Chidori,Kakashi,20
Neji,Tenten,20
Komei,Owashi,19
Kakashi,Tsunade,19
Akahoshi,Naruto,19
Mizuki,Tsubaki,19
Manda,Orochimaru,19
Tonton,Tsunade,19
Sasuke,Sharingan,19
Hinata,Yurinojou,19
Sasuke,The,19
Gaara,Kakashi,19
Chunin,Naruto,19
Hokage,Iruka,19
Guy,Neji,19
Pervy,Sakura,19
Kiba,Sakura,19
Hoshikage,Sumaru,19
Kikunojou,Naruto,18
Gaara,Matsuri,18
The,the,18
Naruto,Onbu,18
Arashi,Hanzaki,18
Shikamaru,Tsunade,18
Akahoshi,Hoshikage,18
Iruka,Konohamaru,18
Karashi,Lee,18
Haruna,Kikunojou,18
Jin,Tori,18
Naruto,Shizune,18
Orochimaru,Sarutobi,18
Kiba,Tsunade,18
Arashi,Sakura,18
Owashi,Sagi,18
Gaara,–,18
Gaara,Uchiha,17
Gaara,Temari,17
Itachi,Naruto,17
Mizuki,Tsunade,17
Akahoshi,Natsuhi,17
Ne,Tori,17
Orochimaru,Pervy,17
Hinata,Shikamaru,17
Hiashi,Hinata,17
Mizuki,Raijin,17
Lee,Tsunade,17
Moso,Toki,17
Murakumo,Yakumo,17
Iruka,Tsubaki,17
Iruka,Orochimaru,16
Kagero,Sasame,16
Itachi,Kakashi,16
Gaara,Kazekage,16
Pervy,Tsunade,16
Sasuke,Tazuna,16
Sasuke,Shino,16
Komei,Toki,16
Gaara,Neji,16
Gosunkugi,Sazanami,16
Haruna,Hinata,16
Sakura,The,16
Hokuto,Sumaru,16
Hokage,Kiba,16
Tori,saru,16
Lee,Shikamaru,16
Pervy,Sasuke,16
Akamaru,Hokage,16
Shino,Yakumo,16
Jiraiya,Sasame,15
Sakura,Sensei,15
Jutsu,Sasuke,15
Gantetsu,Monju,15
Jiraiya,Sannin,15
Orochimaru,The,15
Choji,Haruna,15
Sakura,the,15
The,Tsunade,15
Akamaru,Choji,15
Jin,saru,15
Genin,Hinata,15
Hokage,Konohamaru,15
Akahoshi,Neji,15
Isaribi,Naruto,15
Karashi,Raiga,15
Konohamaru,Sasuke,15
Genno,Naruto,15
Dojo,Lee,14
Gaara,Shukaku,14
Itachi,Uchiha,14
Akahoshi,Hokuto,14
Naruto,Todoroki,14
Tazuna,Zabuza,14
Dojo,Naruto,14
Sakura,Yakumo,14
Ino,Shino,14
Sasuke,–,14
Chishima,a,14
Sakura,Zabuza,14
Bushy,Sasuke,14
Hokage,Sakura,14
Lee,Yagura,14
Sasame,Sasuke,14
Hinata,Hyuga,14
Fujin,Mizuki,14
Jutsu,Naruto,14
Tsunade,the,14
Asuma,Orochimaru,14
Neji,Sumaru,14
Tsunade,–,14
Pervy,Sasame,14
Kankuro,Temari,13
Kagero,Orochimaru,13
Sakura,Shino,13
Chishima,Moso,13
Tyson,Yogabut,13
Asuma,Kakashi,13
Peking,Sanchez,13
Jonin,Kurenai,13
Sanchez,Tyson,13
Sanchez,Yogabut,13
Kikusuke,Yurinoshin,13
Naruto,Raiga,13
Hiashi,Hizashi,13
Hinata,Lee,13
Akamaru,–,13
Byakugan,Kiba,13
Neji,Sakura,13
Neji,Sagi,13
Hokuto,Mizura,13
Hokage,Uchiha,13
Sasame,the,13
Chen,Sanchez,13
Chen,Ole,13
Boulder,Choji,13
Yakumo,Yuhi,13
Gosunkugi,Naruto,13
Naruto,Shinobi,13
Bikochu,Naruto,13
Genno,Shikamaru,13
Chen,Popo,13
Iruka,Tsunade,13
Owashi,Toki,13
Naruto,Tsubaki,13
Peking,Popo,13
Ole,Tyson,13
Ayame,Ryonin,13
Ole,Yogabut,13
Ole,Peking,13
Ole,Popo,13
Ole,Sanchez,13
Sakura,Uchiha,12
Shikamaru,Shino,12
Sakura,–,12
Akamaru,Shikamaru,12
Akamaru,Sakura,12
Dan,Tsunade,12
Guy,Rokusuke,12
Guy,Yagura,12
Moso,Naruto,12
Gosunkugi,Hinata,12
Tori,ushi,12
Gato,Naruto,12
Jiraiya,Sasuke,12
Naruto,Sannin,12
Sakura,Tazuna,12
Kankuro,Sasuke,12
Sasuke,Zaku,12
Genin,Naruto,12
Rasengan,Sakura,12
Orochimaru,Sannin,12
Idate,Naruto,12
Idate,Sakura,12
Bikochu,Hinata,12
Akamaru,Neji,11
Kakashi,Ninja,11
Gaara,Sand,11
Hinata,Hizashi,11
Genno,Leaf,11
Arashi,Jiraiya,11
Aoi,Idate,11
Ninja,Orochimaru,11
Isaribi,the,11
Kakashi,Neji,11
Kakashi,Pervy,11
Itachi,Kisame,11
Hayate,Orochimaru,11
Bushy,Tsunade,11
Hyuga,Naruto,11
Haruna,Yurinojou,11
Kimimaro,Sasuke,11
Rock,Sasuke,11
Sakura,Tenten,11
Choji,Iruka,11
Naruto,Sharingan,11
Jirocho,Naruto,11
Kurenai,Unkai,11
Choji,Shino,11
Genno,Tsunade,11
Naruto,Proctor,11
Naruto,Ranmaru,11
Akio,Shura,11
saru,ushi,11
Konohamaru,Moegi,10
Katsuyu,Tsunade,10
Kakashi,the,10
Kakashi,Kiba,10
Katsuyu,Orochimaru,10
Karashi,Ranmaru,10
Guy,Tsunade,10
Asuma,Fujin,10
Kunoichi,Sakura,10
Neji,Tsunade,10
Hokage,Kakashi,10
Akamaru,Gosunkugi,10
Shikamaru,Temari,10
Inu,Tori,10
Hitsuji,Tori,10
Unkai,Yakumo,10
Rock,Sakura,10
Jin,ushi,10
The,Yakumo,10
Leaf,Naruto,10
Choji,Tsunade,10
Asuma,Raijin,10
Gosa,Hinata,10
Sagi,Tenten,10
Ino,Kakashi,10
Jin,Ne,10
Hanzaki,Jiraiya,10
Neji,Ranmaru,10
Lee,–,10
Sasuke,Shinobi,10
Chunin,Jonin,10
Gaara,Orochimaru,10
Hitsuji,Inu,10
Pervy,Sannin,10
NARUTO,Naruto,10
Naruto,usto,10
Bushy,Guy,10
Hiashi,Lightning,10
Byakugan,Shino,10
Jonin,Yakumo,10
Saru,Tori,10
Jonin,Sasuke,10
Chunin,Orochimaru,10
Neji,Raiga,10
Bushy,Gaara,9
An,Yakumo,9
Kakashi,Sharingan,9
Chishima,Komei,9
Kujaku,Sumaru,9
Hyuga,Neji,9
Kazekage,Sasuke,9
Janin,Naruto,9
Karashi,Naruto,9
Karashi,Kurosuki,9
Guy,Sensei,9
Sakon,Tayuya,9
Gamabunta,Jiraiya,9
Kiba,Lee,9
Orochimaru,Shikamaru,9
Kakashi,The,9
Byakugan,Kurenai,9
Humph,Tsunade,9
Toki,a,9
Gato,Tazuna,9
Neji,Ninja,9
Inari,Kakashi,9
Ne,saru,9
Ino,Lee,9
Humph,Kakashi,9
Jiraiya,the,9
Iruka,Kakashi,9
Ino,Kiba,9
Tori,hitsuji,9
Hotarubi,Sumaru,9
Ino,Tsunade,9
Hanabi,Hinata,9
Isaribi,Orochimaru,9
Kunihisa,Naruto,9
Mizura,Naruto,9
Mizuki,Sasuke,9
Gamabunta,Naruto,9
Hokage,Sarutobi,9
Tori,uma,9
Haku,Kakashi,9
Hinata,Jiga,9
Haku,Sakura,9
Rasengan,Sasuke,9
Gantetsu,Sakura,9
Choji,Genno,8
Hokage,Transform,8
Shino,the,8
Sakura,usto,8
Inu,Uma,8
Owashi,the,8
Iruka,Sakura,8
Iruka,Rasengan,8
Arashi,Jigumo,8
Hitsuji,Saru,8
Hitsuji,Ne,8
Guy,Kurenai,8
Guy,Karashi,8
Gaara,Hokage,8
Kabuto,Kimimaro,8
Asuma,Ton,8
Hitsuji,Uma,8
Kunihisa,Tsunade,8
hitsuji,saru,8
Gaara,Seimei,8
Naruto,Natsuhi,8
Kekkei,Sasuke,8
Kurenai,Yuhi,8
Hoki,Sagi,8
Tatsu,Tori,8
Komei,Naruto,8
Saru,Tatsu,8
Inu,Ne,8
Inu,Saru,8
Tori,Uma,8
Kurosuki,Naruto,8
Akatsuki,Naruto,8
Orochimaru,Tayuya,8
Hinata,Kikunojou,8
Hinata,Leaf,8
Byakugan,Yakumo,8
Kisame,Raiga,8
Mai,Shino,8
Mark,Orochimaru,8
Chunin,Shinobi,8
Choji,Lee,8
Gantetsu,Shura,8
Naruto,Shiin,8
Leaf,Tsunade,8
Chunin,Hokage,8
Humph,Sakura,8
Ne,Tatsu,8
Ne,Uma,8
Jin,hitsuji,8
Naruto,whereSasuke,8
Idate,Sasuke,8
Ne,Saru,8
Genin,Sasuke,8
Lee,Uchiha,8
Lee,Rock,8
Akio,Sakura,8
Temari,Tenten,8
Chief,Naruto,8
A,Tsunade,8
Konohamaru,the,8
Gaara,Rock,8
Kakashi,Tazuna,8
Kakashi,Shino,7
Kakashi,Shikamaru,7
A,Orochimaru,7
Asuma,Naruto,7
Lee,Ninja,7
Konohamaru,–,7
Chishima,Hoki,7
Sakura,Temari,7
Naruto,Rock,7
Kakashi,Sagi,7
Sasuke,Temari,7
Lee,Sand,7
Bushy,Sakura,7
The,Toki,7
Sasuke,Tayuya,7
Orochimaru,meto,7
Manda,Tsunade,7
Kikunojou,Kikusuke,7
Hinata,Janin,7
Sumaru,the,7
Gantetsu,–Gantetsu.,7
Kikusuke,Shun,7
Akatsuki,Sasuke,7
Chunin,Sakura,7
Rasengan,–,7
Naruto,Onbaa,7
Jirobo,Sakon,7
Hiashi,the,7
Gatsu,Tokichi,7
Kimimaro,Mark,7
Idate,Morino,7
Inari,Naruto,7
Jin,uma,7
Humph,Pervy,7
Genin,Hyuga,7
Lee,Sumaru,7
Hinata,Ino,7
Anko,Hokage,7
Sumaru,Tenten,7
Hinata,–,7
Raiga,Ranmaruwho,7
Hokage,Ninja,7
Arashi,Kagero,7
Akahoshi,the,7
Guy,Shikamaru,7
Itachi,Orochimaru,7
Naruto,Udon,7
Karashi,Neji,7
Kazekage,Yashamaru,7
Cricket,Naruto,7
Shadow,Sumaru,7
Cha,Sasuke,7
Hizashi,Neji,7
Ninja,Sumaru,7
Karashi,Rokusuke,7
Yakumo,Yakumoto,7
Cursed,Sagi,7
Ayame,Hakkaku,7
Asuma,Shikamaru,7
Kurenai,Lee,7
Karashi,Tenten,7
Naruto,Uzumaki,7
Hinata,the,7
Naruto,Narutowould,7
Naruto,Narutoto,7
Sakura,Shizune,7
Gaara,Perfect,7
saru,uma,7
Mizuki,Shikamaru,7
Hokage,Kazekage,7
Konohamaru,Lee,7
Orochimaru,Sensei,7
Naruto,a,7
Raijin,Tsunade,7
Kurenai,Tsunade,7
Jiga,Naruto,7
Byakugan,Shikamaru,7
Kiba,–,7
Fujin,Orochimaru,7
Fujin,Tsunade,7
Choji,Mizuki,7
Naruto,Shura,7
Choji,Ninja,7
Hoshikage,Naruto,7
Mi,Tori,7
Mi,Ne,7
Orochimaru,Raijin,7
Amachi,Isaribi,6
Lee,Temari,6
Genin,Lee,6
Naruto,Sakurawith,6
Bushy,–,6
Hiashi,Ninja,6
Kakashi,Kisame,6
Kankuro,Shino,6
Kagero,Naruto,6
Chidori,–,6
Chunin,Genin,6
Chunin,Gaara,6
Roger,Sasuke,6
Kisame,Naruto,6
Sasuke,thatNeji,6
Ino,Iruka,6
Naruto,thatltachi,6
Hinata,Hokage,6
Byakugan,Sakura,6
Neji,Orochimaru,6
Choji,Yurinoshin,6
Kurenai,the,6
Kikusuke,Naruto,6
Sasuke,melike,6
Kurosuki,Lee,6
Hanzaki,Pervy,6
Kurenaidetermined,Yakumo,6
Chunin,Shikamaru,6
Rasengan,Todoroki,6
Sasuke,Scaredy-Cat,6
Choji,The,6
Haruna,Kikusuke,6
Narutowould,Sasuke,6
Natsuhi,Natsuhiboshi,6
Akio,Lee,6
Akio,Gantetsu!–Gantetsu,6
Akio,Monju,6
Idate,Jirocho,6
Akio,Bushy-Brows,6
Bushy,Dojo,6
Ichiraku,Naruto,6
Sasuke,andNaruto,6
Sasuke,aboutSasuke,6
Lee,Lotus,6
Chunin,Idate,6
Lee,Shinobi,6
Jiraiyacould,Tsunade,6
Haruna,Yurinoshin,6
Ne,Ushi,6
Tatsu,Ushi,6
Natsuboshi,Sumaru,6
Tatsu,Uma,6
Ne,ushi,6
Sasuke,Tori,6
Humph,the,6
Hiashi,Neji,6
Lee,Sansho,6
Arashi,Pervy,6
Gaara,Kimimaro,6
Asuma,Mizuki,6
Kabuto,Shizune,6
Komei,Neji,6
Raijin,Shikamaru,6
Sensei,Tsunade,6
Kurenai,The,6
Naruto,aboutSasuke,6
Kibawith,Naruto,6
Hinata,Kibaand,6
Inu,Ushi,6
Sasuke,usto,6
Hanzaki,the,6
Inu,Tatsu,6
Tori,Ushi,6
Anko,Sasuke,6
Byakugan,Sasuke,6
Naruto,isAkamaru,6
Genno,Hinata,6
Chishimawho,Toki,6
Neji,the,6
Nejithat,Sasuke,6
Komei,Sagiby,6
Arashi,Arashimight,6
Aoi,Naruto,6
Guy,–,6
Raiga,Ranmaruto,6
Hinata,Mizuki,6
Akamaru,Grandma,6
Nine-Tailed,Sasuke,6
Fukusuke,Sakura,6
Gantetsu,Lee,6
Jutsu,Orochimaru,6
Jutsu,Kakashi,6
Neji,Shino,6
Jerk,Naruto,6
Cha,Naruto,6
Byakugan,Sumaru,6
Hoki,Moso,6
Hinata,Ninja,6
Akamaru,Shadow,6
Choji,Hokage,6
Saru,Ushi,6
Fujin,Shikamaru,6
Byakugan,Sharingan,6
Menma,Neji,6
Saru,Uma,6
Iruka,Shikamaru,6
Raiga,Rokusuke,6
Shura,Todoroki,6
Iruka,Shadow,6
Konohamaru,Udon,6
Dan,Sannin,6
Dan,Tsunadewho,6
Naruto,Ya,6
Guy,The,6
Guy,Tenten,6
Gaara,Humph,6
Gaaraof,Sasuke,6
Akamaru,Byakugan,6
Akamaru,Akamaruto,6
Kabuto,Kakashi,6
Katsuyu,Manda,6
Uma,Ushi,6
Konohamaru,Sarutobi,6
Konohamaru,Sakura,6
Guy,Kurosuki,6
Naruto,Nine-Tailed,6
Cursed,Komei,6
Arashi,the,6
Kabuto,Sakura,6
Hokage,Humph,6
Kurenai,Orochimaru,6
Hitsuji,Ushi,6
Hizashi,Hyuga,6
Gaaraand,Lee,6
Ninja,Toki,6
Ninja,the,6
Hitsuji,Tatsu,6
Hinataand,Naruto,6
hitsuji,ushi,6
Yakumo,powersYakumo,6
Kakashi,Kankuro,6
ne,saru,5
uma,ushi,5
Akahoshi,Hotarubi,5
Akahoshi,Shadow,5
Akahoshi,Natsuhiboshi,5
Kayo,Naruto,5
Akamaru,Akamarubeing,5
K-Kurenai,Kurenai,5
Naruto,Narutos,5
Chidori,Gaara,5
Moegi,Naruto,5
Moso,Neji,5
Chief,Toad,5
Sakura,Todoroki,5
Hitsuji,Mi,5
Akahoshi,Yotaka,5
Ninja,Shikamaru,5
Omaru,Sumaru,5
Oli,Tsunade,5
Oli,Pervy,5
Gama,Jiraiya,5
Akamaru,Gaara,5
Jutsu,the,5
Kazekage,Orochimaru,5
Naruto,Natsuhiboshi,5
Hinata,and,5
Hokage,Shikamaru,5
Chakras,Naruto,5
Sand,Shikamaru,5
Naruto,Narutothink,5
Orochimaru,Orochimaruis,5
Gaara,Guy,5
Gantetsu,Gantetsuone,5
Jutsu,Pervy,5
Fuuma,Sasame,5
Orochimaru,Orochimaruto,5
Fukusuke,Wagarashi,5
Akamaru,Orochimaru,5
Akamaru,Lee,5
Akamaru,Kakashi,5
Orochimaru,Roger,5
Orochimaru,Rasengan,5
Hinata,Suzumebachi,5
Chakra,Naruto,5
Hokage,the,5
Mi,Uma,5
Choji,Chunin,5
Akamaru,Yakumo,5
Jirocho,Wasabi,5
Gantetsu,The,5
Gato,Kakashi,5
Gantetsu,the,5
Akatsuki,Orochimaru,5
Jirobo,Tayuya,5
Akamaru,on,5
Byakugan,theHyuga,5
Hokuto,Naruto,5
Sasu,Sasuke,5
Sarutobi,Sasuke,5
Hoki,Toki,5
Orochimaru,Tsubaki,5
Orochimaru,Sound,5
Killer,Tenten,5
Jiraiya,Toad,5
Jiraiya,Rasengan,5
Fifth,Lee,5
Orochimaru,Yoroi,5
Gatô,Haku,5
Genin,Kakashi,5
Kin,Shikamaru,5
Tenten,a,5
Akimichi,Choji,5
Akioand,Gantetsu,5
Hoshikage,Hotarubi,5
Nawaki,Tsunade,5
Orochimaru,isManda,5
Anbu,Hokage,5
Jin,ne,5
Naruto,that,5
Anko,Naruto,5
Jigumo,Sasame,5
Jigumo,Sakura,5
Jigumo,Naruto,5
Ryonin,Teuchi,5
Hinata,Jibachi,5
Hinata,Janinand,5
Byakugan,Ranmaru,5
Ebisu,Naruto,5
Naruto,lruka,5
Kisame,the,5
Naruto,intoAkamaru,5
Owashi,Sagitook,5
Owashi,Owashisearching,5
Orochimarutruly,Sasuke,5
Grandpa,Hokage,5
Naruto,andAkamaru,5
Owashi,Sagiwho,5
Naruto,Yurinoshin,5
Shinobi,Zabuza,5
Komei,Sagitook,5
Shun,Yurinoshin,5
Konohamaru,Sensei,5
Itachi,the,5
Hoshikageand,Sumaru,5
Sasuke,Shuriken,5
Ryudouin,Yagura,5
Ryonin,the,5
Guy,Lotus,5
Pervy,The,5
Asuma,Choji,5
Arashi,Orochimaruand,5
Shino,Tsunade,5
Asuma,Ino,5
Guy,Rock,5
Guy,Raiga,5
Naruto,Roger,5
Lee,Sasukemaster,5
Byakugan,Choji,5
Humph,Orochimaru,5
Bushy-Brow's,Sasuke,5
Hiashi,Leaf,5
Hiashi,Hyuga,5
Asuma,Sasuke,5
Asuma,Sakura,5
Shikamaru,–,5
Kuni,Tsunade,5
Kuni,Naruto,5
Kuni,Kunihisa,5
Kunai,Naruto,5
Kurama,Yakumo,5
Ayame,Teuchi,5
Ayame,Naruto,5
Buddy,Naruto,5
Haruna,Yurinojou!Kikunojou,5
Haruna,Shizune,5
Bushy,Neji,5
Lee,Orochimaru,5
Haruna,Kikunojouwill,5
Hayate,Iruka,5
Cursed,Moso,5
Guy,Yakumo,5
Naruto,Tsukiko,5
Sharingan,Zabuza,5
Shikamaru,Tsuchi,5
Iruka,Ninja,5
Cricket,Guy,5
Ranmaru,Ranmaruwho,5
Ranmaru,Ranmaruto,5
Naruto,That,5
Naruto,Temari,5
Naruto,Suzumebachi,5
Sensei,Shino,5
Sensei,Shikamaru,5
Bikochu,Sasuke,5
Inu,Mi,5
Brow,Sakura,5
Leaf,Orochimaru,5
Land,Toki,5
Inari,Sasuke,5
Idate,Shinobi,5
Sasuke,andSasuke,5
Boss,Idate,5
Sasuke,whereKakashi,5
Kurosuki,Raiga,5
Sasuke,measureSasuke,5
Ino,Mizuki,5
Ino,Kunoichi,5
Boss,Naruto,5
Abate,Yakumo,5
Yakumo,the,5
Yakumo,ofYakumo,5
Yakumo,handleYakumo,5
Yakumo,andKurenai,5
Yakumo,absorbingYakumo,5
Kankuro,Uchiha,5
Kakashi,Shinobi,5
Kakashi,Sensei,5
Zabuza,the,5
saru,tori,4
Zaku,calledShino,4
A,Sasuke,4
Gaara,Saru,4
Kakashi,Tayuya,4
Kakashi,Tenten,4
Abate,Kurenai,4
Akamaru,Akamaruthat,4
Naruto,Narutoin,4
Moegi,Udon,4
Hizashi,Lightning,4
Moso,Owashisearching,4
Chidori,Pervy,4
Hitsuji,Sarutobi,4
Moso,mewas,4
Chidorior,Sasuke,4
Moso,Sagiwho,4
Akahoshi,Tsunade,4
Ninja,Sakura,4
Gaaraof,Naruto,4
Akamaru,Genno,4
Jutsu,Tori,4
Kazekage,Temari,4
Leaf,Ninja,4
Sasuke,a,4
Ibiki,Sasuke,4
Ibiki,Naruto,4
Ibiki,Morino,4
Ibiki,Idate,4
Leaf,Sasuke,4
Sasuke,intoOrochimaru,4
Kurenai,sealedYakumo,4
Kurenai,ofYakumo,4
Kurosuki,Rokusuke,4
Sasuke,takeSasuke,4
Kurenaitook,Yakumo,4
Boss,Jirocho,4
Rasengan,Tsunade,4
Hanzaki,toOrochimaru,4
Beast,Naruto,4
B-Bushy,Sasuke,4
Ayameback,Ryonin,4
Shikamaru,Uchiha,4
Kurenai,Yakumoto,4
Bikochu,Kiba,4
Big,Sasuke,4
Big,Itachi,4
Kurenai,Ton,4
Bikochu,Suzumebachi,4
Bikochu,Shino,4
Kurenai,handleYakumo,4
Inu,Sarutobi,4
Iruka,Jutsu,4
Naruto,Sazanami,4
Idate,Ninja,4
Proctor,Sasuke,4
Pervy,the,4
Pervy,a,4
Pervy,Toad,4
Kurenai,Sasuke,4
Kurenai,Raijin,4
Kurenai,Murakumo,4
Iruka,Shinobi,4
Iruka,Sensei,4
Raiga,Sansho,4
Raiga,Raigaover,4
Dan,Nawaki,4
Naruto,Tori,4
Naruto,Toad,4
Iruka,Nine-Tail,4
Iruka,Lee,4
Guy,Ninja,4
Asuma,Shizune,4
Itachi,Kurenai,4
Shikamaru,lt,4
Isaribi,Isaribigo,4
Sasuke,eitherOrochimaru,4
Bunzo,Senta,4
Rashomon,–,4
Naruto,Saru,4
Naruto,Sand,4
Bushy,Sakurawith,4
Lee,Might,4
Bushy,Kakashi,4
Bushy,Jonin,4
Iruka,–,4
Asuma,Hinata,4
Asuma,Itachi,4
Kujaku,Naruto,4
Kujaku,Mizura,4
Itachi,Sharingan,4
Itachi,Pervy,4
Guy,Sansho,4
Naruto,Ruiga,4
Hayate,Sasuke,4
Lee,Rokusuke,4
Sasuke,Tatsu,4
Lee,Yakumo,4
Lee,The,4
Sasuke,Shizune,4
Byakugan,Guy,4
Ryonin,Ryoninor,4
Guy,Poccha,4
Dojo,Intense,4
Demon,Naruto,4
Hidden,Sakura,4
Hidden,Naruto,4
Hiashi,head,4
Humph,Iruka,4
Sasuke,Sasukemaster,4
Hotarubi,Natsuhi,4
Humph,Neji,4
Humph,Lee,4
Humph,Leaf,4
Humph,Kankuro,4
Mai,Naruto,4
Ryonin,The,4
Arashi,Sasamesee,4
Shino,Zaku,4
Gosa,Naruto,4
Dozaemon,Sakura,4
Orochimaruis,Sasuke,4
Naruto,asSasuke,4
Naruto,andNeji,4
Grandpa,Konohamaru,4
Dojo,Tsunade,4
Owashiand,Toki,4
Owashi,Sagiwas,4
Naruto,Yoroi,4
Itachiis,Sasuke,4
Itachiis,Naruto,4
Komei,Sagiwas,4
Arashi,Kamikiri,4
Itachi,a,4
Itachi,Shisui,4
Humph,Itachi,4
Hinata,Ichiraku,4
Anbu,Sasuke,4
Naruto,right?Menma,4
Genno,Neji,4
Orochimaruare,Sasuke,4
Orochimaru!Put,Sasuke,4
Naruto,jonin,4
Giichi,Inari,4
Gensho,Yagura,4
Genno,Sakura,4
Anko,the,4
Anko,Tsunade,4
Shizune,Ton,4
Komei,Owashiand,4
Jiga,Ruiga,4
Naruto,thatNeji,4
Naruto,thanNaruto,4
Sumaru,star,4
Anko,Isaribi,4
Sumaru,The,4
Kisame,Zabuza,4
Naruto,Orochimaruwas,4
Naruto,Orochimarutruly,4
Byakugan,Mizura,4
Sasuke,Sasukeback,4
Mangekyo,Sasuke,4
Mangekyo,Naruto,4
Manda,meto,4
Manda,isManda,4
Manda,Orochimaruto,4
Humph,Jutsu,4
Farewell,Sumaru,4
Orochimaru,ofOrochimaru,4
Orochimaru,mewho,4
Orochimaru,meon,4
Natsuhiboshi,Rasengan,4
Natsuhi,The,4
Genin,Neji,4
Jigumo,Kagero,4
Jin,tori,4
Jin,tatsu,4
Jiraiya,Onbaa,4
Jiraiya,Ninja,4
Genin,Tsunade,4
Genin,Sumaru,4
Narutohave,Sasuke,4
Orochimaru,those,4
Choji,Raijin,4
Sagi,Sharingan,4
Hinata,Hinatawith,4
Hinata,Hinatawill,4
Hinata,Hinataunder,4
Sasame,a,4
Sasame,Tsunade,4
Sasame,The,4
Sarutobi,Uma,4
Hoshikage,Neji,4
Hoshikage,Natsuhi,4
Manma,Menma,4
Byakugan,Hiashi,4
Choji,Kikunojou,4
Hinata,Kayo,4
Nawakiand,Tsunade,4
Akio,Flames,4
Kikusuke,Yurinojou,4
Jiraiyaeagerly,Onbaa,4
Todoroki,deliverGantetsu,4
The,Zabuza,4
Jiraiya,The,4
Jiraiya,Sasamesee,4
Toki,the,4
Ne,hitsuji,4
Ne,Sasuke,4
Ne,Sarutobi,4
Genin,Hanabi,4
Jiraiya,Kabuto,4
That,Tsunade,4
Akio,Akioand,4
Akio,Rasengan,4
Jirobo,correctsTayuya,4
Jirobo,Sasuke,4
Hinata,Ruiga,4
Hinata,Pervy,4
Byakugan,the,4
Sarutobi,Tsunade,4
Sarutobi,Tori,4
Menma,Shiin,4
Sasame,toOrochimaru,4
Sasame,in,4
Chakra,Neji,4
Mi,Sarutobi,4
Menma,Tsunade,4
Orochimaru,Ton,4
Orochimaru,Shinobi,4
Gato,Zabuza,4
Jonin,Shinobi,4
Kiba,Tayuya,4
Kiba,Sis,4
Tori,tori,4
Tori,tatsu,4
Tori,ne,4
Kidomaru,Sakon,4
Jonin,Kiba,4
Jirocho,Wagarashi,4
Neji,Rokusuke,4
Gantetsu,deliverGantetsu,4
Gantetsu,Rasengan,4
Gantetsu,Ninja,4
Akatsuki,Kakashi,4
Akatsuki,Itachi,4
Jirobo,fatso,4
Choji,Kakashi,4
Sagi,methe,4
Hinata,The,4
Chakra,Kiba,4
Chakra,Hinata,4
Saru,Sasuke,4
Sannin,Sasuke,4
Hokage,thatSasuke,4
Mizuki,Mizukiwas,4
Sakon,Sasuke,4
Orochimaru,Shadow,4
Fujin,andRaijin,4
Jonin,Lee,4
Akamaru,Sis,4
Tsunade,Yakumo,4
Tsunade,Tsunadeto,4
Tsunade,whereSasuke,4
Jutsu,Tatsu,4
Jutsu,Saru,4
Jutsu,Ne,4
Kiba,Narutowill,4
Neji,Shadow,4
Orochimaru,Orochimaruwere,4
Fuuma,Orochimaru,4
Futa,Shino,4
Futa,Naruto,4
Futa,Kagetsu,4
Fujin,Kurenai,4
Fukusuke,Idate,4
Kiba,Shadow,4
Akamaru,Rashomon,4
Hinata,Narutoall,4
Gamakichi,Naruto,4
Naruto,Nejithat,4
Chakra,Sumaru,4
Sakurawith,Sasuke,4
Hokage,Shadow,4
Hokage,Raido,4
Hokage,Jiraiya,4
Sakura,outPervy,4
Sakura,aboutSasuke,4
Sakura,Sand,4
Chishima,Sharingan,4
Neji,Yagura,4
Orochimaru,Orochimaruand,4
Onbaa,Tsunade,4
Gaara,Gaara's,4
Akamaru,Ino,4
saru,tatsu,4
!lruka,Mizuki,4
hitsuji,uma,4
Gaara,Tori,4
Gaara,Tatsu,4
Gaara,Shino,4
Gaara,Ne,4
Ninja,Shinobi,4
Gaaraand,Sasuke,4
Akahoshi,Kujaku,4
Karashi,Sanshowas,4
Kage,Naruto,4
Akahoshi,Shisou,4
Uroko,Yakumo,4
Kabuto,Mark,4
Kayo,The,4
Naruto,Scaredy-Cat,4
Kagetsu,Shino,4
Yakumo,whomMurakumo,4
Yakumo,sealedYakumo,4
Kakashi,Lightning,4
Kabuto,Sound,4
Akahoshi,Akahoshiis,4
Kage,Omaru,4
Gaara,Kujaku,4
Ninjafrom,Sagi,4
Moso,Sagitook,4
Moso,Sagiby,4
Chishima,Owashi,4
Chishima,McCoy,4
Sakura,Sharingan,4
Naruto,Naruto!lt,4
hitsuji,tatsu,3
tatsu,ushi,3
Kakashi,Toki,3
ne,ushi,3
tori,ushi,3
hitsuji,tori,3
Kakashiof,Zabuza,3
Aburame,Hinata,3
Abumi,Shino,3
Oli,Orochimaru,3
Ninjaby,Shizune,3
Gaara,whatGaara,3
Gaara,the,3
A,Sakura,3
Yoroi,andSasuke,3
Kagero,Sasuke,3
Kagero,Kamikiri,3
Kankuro,Tsurugi,3
Kankuro,Sakura,3
Kagetsu,Naruto,3
Kamikiri,Sasame,3
Yakumo,head,3
Ninja,Tazuna,3
Gaarajust,Lee,3
Agira,Ryudouin,3
Agari,Shinobi,3
Kabuto,Lee,3
Karashi,The,3
Yakumo,Yakumoout,3
Akahoshi,Lee,3
Akahoshi,Leaf,3
Akahoshi,Fourth,3
Karashi,Rock,3
KAKASHI,ZABUSA,3
Akahoshi,star,3
Akahoshi,Tenten,3
Wagarashi,Wasabi,3
Ushi,lnu,3
Kabuto,Orochimaruis,3
Uma,lnu,3
Gaara,Hitsuji,3
Oli,Sasuke,3
Ninja,Owashi,3
Nine,Orochimaru,3
Gaara,suppressingShukaku,3
Gaara,Ushi,3
Ninja,Zabuza,3
Ninja,Tsunade,3
Akamaru,Buddy,3
Karashi,gettingRokusuke,3
Jutsu,Tsunade,3
Kekkei,Uchiha,3
Gamabunta,Kazekage,3
Orochimaru,Orochimarufor,3
Gaara,Inu,3
Kazekage,Shukaku,3
Kazekage,Sarutobi,3
Kazekage,Naruto,3
Kayo,Milady,3
Kayo,Kibaand,3
Jutsu,Rasengan,3
Kiba,Ninja,3
U,Ushi,3
U,Uma,3
Akamaru,Fang,3
Akamaru,Sakon,3
Akamaru,Byakuganor,3
Akamaru,Ninja,3
Akamaru,Jirobo,3
Tsunade,withNaruto,3
Akamaru,Uchiha,3
Akamaru,The,3
Akamaru,Shogi,3
Gaara,Gaarajust,3
GAI,KAKASHI,3
Neji,Toki,3
Neji,Sumaruand,3
Gantetsu,Gantetsuis,3
Gantetsu,Gantetsu!–Gantetsu,3
Neji,–,3
Tsunade,Tsunadedo,3
Akamaruthat,Kiba,3
Jonin,Shino,3
Jonin,Neji,3
Orochimaru,Orochimarutruly,3
Fukusuke,Sasuke,3
Orochimaru,Rashomon,3
Orochimaru,Orochimaru!What,3
Onbaa,The,3
Kibaand,Naruto,3
Kiba,the,3
Kiba,andAkamaru,3
Tsunade,andSasuke,3
Jirobo,Kidomaru,3
Akamaru,the,3
Tsubaki,aboutMizuki,3
Tori,lnu,3
Kidomaru,Sasuke,3
Kidomaru,Orochimaru,3
Tori,U,3
Akatsuki,Pervy,3
Gato,Hokage,3
Gantetsuto,Todoroki,3
Neji,Sasukeback,3
Futa,entireKagetsu,3
Akamaruwho,Kiba,3
Tora,the,3
Tora,Ushi,3
Tora,Uma,3
Kikunojou,Ninja,3
Jirobo,on,3
Jiraiya,toOrochimaru,3
Jiraiya,aboutNaruto,3
Kikusuke,sureto,3
Jiraiyawill,Naruto,3
Kimimaro,Sound,3
Kimimaro,Sakon,3
Jiraiya,Shizune,3
Gatsu,Gosunkugi,3
Gantetsu,Mother,3
Tora,Tori,3
Akio,Farewell,3
Jiraiya.,Pervy,3
Kin,Sasuke,3
Amachi,Orochimaru,3
Tenten,the,3
Tenten,Toki,3
The,–,3
Jin,Sasuke,3
Jiraiya,Narutowould,3
Jiraiya,Manda,3
Jiraiya,Jutsu,3
Kisame,Kurenai,3
Jin,Mi,3
Ne,Tora,3
Gekko,Orochimaru,3
Gekko,Hayate,3
Orochimaru,intoOrochimaru,3
Fujin,Ino,3
Fourth,Sumaru,3
Tazuna,the,3
Anbu,Orochimaru,3
Anbu,Kakashi,3
Tatsu,lnu,3
Tatsu,U,3
Jiga,Renga,3
Kisame,Zabuzahad,3
Tatsu,Tora,3
Orochimaru,afterSasuke,3
Orochimaru,a,3
Genin,Guy,3
Ne,uma,3
Ne,ne,3
Ne,lnu,3
Ne,U,3
Anko,Mark,3
Kisame,Sasuke,3
Kisame,Ranmaru,3
Jako,Yagura,3
Jako,Rokkaku,3
Komei,Sagiwho,3
Anko,thoughAnko,3
Shizune,Yakumo,3
Komei,Owashisearching,3
Komei,Ninja,3
Itachiwho,Kisame,3
Shisui,Uchihawho,3
Shisou,Yotaka,3
Arashi,Arashiyou,3
Aoi,Shinobi,3
Aoi,Sasuke,3
Aoi,Sakura,3
Orochimaru,lt,3
Genin,Shikamaru,3
Genin,Sakura,3
Fifth,Sakura,3
Shinobi,worthy,3
Shinobi,Yakumo,3
Itachicome,Sasuke,3
Janin,Yurinojou,3
Itachi,Shinobi,3
Narutosome,Neji,3
Naruto!lt,Sasuke,3
Naruto,wordsGaara,3
Fang,Hinata,3
Farewell,Todoroki,3
Komei,That,3
Art,Neji,3
Arashiyou,Sasame,3
Arashi,toOrochimaru,3
Arashi,Leaf,3
Kujaku,Natsuhi,3
Asuma,Kisame,3
Itachi,Sakura,3
Isaribi,Sasuke,3
Isaribi,Isarirbi,3
Isaribi,Isaribi!lsaribi,3
Irukawas,Mizuki,3
Orochimaru,–,3
Orochimaru,thoughAnko,3
Genma,Lee,3
Genjutsusummons,Yakumo,3
Genjutsu,Yakumo,3
Genjutsu,Naruto,3
Genin,Temari,3
Shikamaru,thatGenno,3
Kurama,Murakumo,3
Shikamaru,fatso,3
Ayame,the,3
Ayame,Ryoninor,3
Attaboy,Naruto,3
Kunoichiwho,Naruto,3
Shikamaru,Tyson,3
Shikamaru,Tayuya,3
Naruto,meto,3
Naruto,me,3
Orochimarufor,Sasame,3
Orochimaru!Put,Sakura,3
Iruka,The,3
Iruka,Orochimaruwas,3
Iruka,tolruka,3
Sharingan,Uchiha,3
Sharingan,Tazuna,3
Sensei,the,3
Sensei,Yagura,3
Kurenai,Shizune,3
Shijimi,Tora,3
Ebisu,Jonin,3
Gensho,Ryudouin,3
Genno,anyonewho,3
Naruto,on,3
Gennai,Naruto,3
Inu,lnu,3
Inu,U,3
Inu,Tora,3
Kurenai,beKurenai,3
Kurenai,andKurenai,3
Kurenai,wasYuhi,3
Kurenai,removingKurenai,3
Kurenai,powersYakumo,3
Bikochu,Tsunade,3
Satomi,Yakumo,3
Kurenai,importantKurenai,3
Kurenai,head,3
Ino,Shikamaruand,3
Naruto,guardingTazuna,3
Gon,Naruto,3
Ino,Raijin,3
Ino-Shika-Cho,Kiba,3
Ino,Orochimaru,3
Sasuke,toNaruto,3
Bro,Naruto,3
Kurosuki,Neji,3
Boulder,Yurinojou,3
Boulder,Sasuke,3
Sasuke,rabbit,3
Sasuke,on,3
Sasuke,lt,3
Brow,Ino,3
Leaf,Sasame,3
Leaf,Lightning,3
Orochimaruis,Sound,3
Grampa,Inari,3
Gosunkugi,Tokichi,3
Genno,The,3
Naruto,isSasuke,3
Naruto,howNaruto,3
Inari,Sakura,3
Inari,Mommy,3
Idate,–,3
Leaf,Shiin,3
Sasuke,howNaruto,3
Sasuke,guardingTazuna,3
Sasuke,forGaara,3
Sasuke,asSasuke,3
Bunzo,Tsunade,3
I-Ibiki,Morino,3
Lee,Narutosome,3
Grandma,Tsunade,3
Grandma,Kiba,3
Owashi,Sagiby,3
Orochimaruwas,Tsubaki,3
Ebisu,Harem,3
Dosu,Sasuke,3
Bushy,Karashi,3
Lee,Leeas,3
Lee,Sasukedrove,3
Bushy,Orochimaru,3
Lee,Ranmaru,3
Lee,Raiga,3
Lee,Raido,3
Humph,Uchiha,3
Lee,Todoroki,3
Naruto,Zabuza?!Hey,3
Naruto,Yamanaka,3
Gosunkugi,Shinobi,3
Naruto,copiesZabuza,3
Naruto,andNaruto,3
Bushy,Yagura,3
Bushy,Uchiha,3
Bushy,Tsunada,3
Bushy,Shikamaru,3
Sasuke,Uzumaki,3
Sasuke,Tsukuyomi,3
Humph,Shikamaru,3
Humph,Rasengan,3
Lee,usethis,3
Lee,methat,3
Demon,Sasuke,3
Pakkun,Sasuke,3
Pakkun,Sakura,3
Owwee,Shikamaru,3
Owashisearching,the,3
Dojo,methat,3
Dojo,Rock,3
Dojo,Might,3
Sasuke,Transform,3
Bushy-Brow,Lee,3
Lion,Naruto,3
Lightning,the,3
Byakugan,Gosunkugi,3
Byakugan,Gosa,3
Byakugan,Genno,3
Lightning,head,3
Sasuke,Sasukethat,3
Naruto,Yagura,3
Naruto,Tyson,3
Guy,Humph,3
Guy,Hokage,3
Sasuke,Sasukein,3
Byakugan,Lee,3
Byakugan,Leaf,3
Byakugan,Kayo,3
Byakugan,Ichiraku,3
Hoshikage,The,3
Hoshikage,Natsuhiboshi,3
Byakugan,Rasengan,3
Byakugan,Owashi,3
Byakugan,Lightning,3
Menma,Menmalike,3
McCoy,Toki,3
Cursed,the,3
Pervy,This,3
Guy,Kisame,3
McCoy,Naruto,3
Sasame,Sasamesee,3
Matsuri,Naruto,3
Mi,Saru,3
Hoki,the,3
Byakugan,Sazanami,3
Menma,Shikamaru,3
Menma,Sasuke,3
Mi,saru,3
Mi,Ushi,3
Saru,lnu,3
Saru,U,3
Saru,Tora,3
Naruto,Todorokiis,3
Naruto,Tsuzumi,3
Guy,feelingKakashi,3
Daimyo,Sasuke,3
Mi,Tatsu,3
Hokage,Zabuza,3
Hokage,The,3
Hokage,Tazuna,3
Hokage,Sumaru,3
Hokageall,Naruto,3
Hokage,–,3
Hokage,methat,3
Misogi,the,3
Chakra,Gaara,3
Cha,Sakura,3
Ranmaru,Sansho,3
Guy,gettingRokusuke,3
Guy,Yagurathat,3
Guy,Temari,3
Raiga,Zabuza,3
Crow,Gaara,3
Saru,Sarutobi,3
Sand,Temari,3
Mizuki,Ninjareally,3
Mizukiand,Orochimaru,3
Mizuki,withNaruto,3
Mizuki,whereSasuke,3
Mizuki,aboutMizuki,3
Chakra,Sasuke,3
Chakra,Sakura,3
Sakura,whereSasuke,3
Hokage,Sensei,3
Chakrain,Tsunade,3
Chakrahe,Sarutobi,3
Sakura,on,3
Hanabi,Hyuga,3
Haku,melike,3
Haku,Tazuna,3
Rasengan,Shikamaru,3
Cricket,Genno,3
Sakura,alsoSasuke,3
Hokage,Nine-Tail,3
Hokage,Hoshikage,3
Hokage,Hokageall,3
Hizashi,thatHizashi,3
Hokage,Lee,3
Hokage,Kazekage!What,3
Chunin,celebrateShikamaru,3
Chunin,Yakumo,3
Hanzaki,Tsunade,3
Hanzaki,The,3
Haku,Kekkei,3
Haku,Inari,3
Hokage,Jirocho,3
Chakras,Sasuke,3
Chidori,Lightning,3
Chidori,Jutsu,3
Chidori,Itachi,3
Sakura,Yagura,3
Moegi,Sasuke,3
Sakura,Tsunade's,3
Chidori,that,3
Chunin,Moegi,3
Rasengan,Sumaru,3
Harem,Sasuke,3
Ranmaru,aboutKarashi,3
Ranmaru,Tenten,3
Chunin,theseChunin,3
Chidori,Rasengan,3
Hitsuji,lnu,3
Hitsuji,U,3
Hitsuji,Tora,3
Chidorito,Naruto,3
Sakura,Tori,3
Hinatawith,Naruto,3
Hinatas,Naruto,3
Moso,Sagiwas,3
Moso,Owashiand,3
Naruto,Narutowill,3
Chunin,Kabuto,3
Chunin,Itachi,3
Chunin,Hyuga,3
Chunin,Humph,3
Hanzaki,Sakura,3
Rasengan,the,3
Chunin,Rock,3
NARUTO,Sasuke,3
Murakumoof,Yakumo,3
Murakumoand,Yakumo,3
Hinata,Yurinoshin,3
Sakur--,Sasuke,3
Sakur--,Sakura,3
Hinata,withNaruto,3
Hinata,whereSasuke,3
Hinata,whenHinata,3
Naruto,Ninjathat,3
Sagiwho,the,3
Sagitook,the,3
Sagitook,Toki,3
Hatake,Kakashi,3
Harem,Naruto,3
Chunin,Konohamaru,3
Chunin,Kazekage,3
Choji,Guy,3
Choji,Fujin,3
Hinata,andShino,3
Choji,Janin,3
Sagiby,the,3
Naruto,Ninjutsuno,3
Hinata,Hinataever,3
Hinata,Kikusuke,3
Chunin,Kurenai,3
Naruto,Ruigaand,3
Naruto,Rokusuke,3
Hayate,Sound,3
Haruna,Tsunade,3
Hayate,Humph,3
Choji,Kurenai,3
Hinata,Kakashi,3
Hinata,Renga,3
Hinata,Rasengan,3
Hinata,Orochimaru,3
Choji,Ryonin,3
Choji,Rock,3
Sagi,That,3
Sagi,Sasuke,3
Sagi,Sand,3
Sagi,Sagiwas,3
Hinata,Hinatawould,3
Hiashi,thatHizashi,3
Sagi,Sagidoes,3
Ryonin,Shinobi,3
Roger,Sumaru,3
Chunin,Hinata,3
Chunin,Hayate,3
Chojiand,Sasuke,3
Sage,Sasuke,3
Choji,Tunneling,3
Naruto,Orochimaruever,3
Naruto,Oli,3
Rokkaku,Yagura,3
Hayate,Orochimaruis,3
Hayate,Kabuto,3
Gaara,Ninja,3
Gaara,Uma,3
Kakashi,Obito,3
fatso,on,3
Zabuza,copiesZabuza,3
Kakashi,Sakuraare,3
-Lord,Natsuhiboshi,3
A,Hayate,3
whereSasuke,withNaruto,2
A,Gekko,2
A,Anko,2
-Lord,Sumaru,2
killedlruka,the,2
inu,saru,2
Yuhi,powersYakumo,2
Yuhi,sealedYakumo,2
Yurinojou,Yurinoshin,2
Zabuzahad,the,2
Zaku,aboutDosu,2
branch,head,2
Kakashi,Tsurugi,2
Ninjafrom,the,2
Gaara,Mi,2
Gaara,Lotus,2
Gaara,Lightning,2
Ninjaby,Tsunade,2
Kakashi,Konohamaru,2
Kakashi,sandKakashi,2
Kakashi,byKakashi,2
Kakashi,andSasuke,2
A,Sensei,2
A,Naruto,2
Yoroi,forgottenOrochimaru,2
Yakumo,madeYakumo,2
Yakumo,isKurenai,2
Kakashi,–,2
Kakashi,underZabuza,2
Naruto,Old,2
Choji,–,2
Choji,the,2
Choji,me,2
Choji,lno,2
Choji,fatso,2
Choji,celebrateShikamaru,2
Choji,anyonewho,2
Rokusuke,Sasuke,2
Rokkaku,Ryudouin,2
Naruto,Pervert,2
Naruto,Pakkun,2
Naruto,PLACECHOJI,2
Hinata,Hinataand,2
Hidden,Sumaru,2
Hidden,Neji,2
Sagi,Sagiby,2
Hayate,myselffor,2
Naruto,Rasengen,2
Naruto,Ramen,2
Naruto,Raijin,2
Ruiga,Yurinojou,2
Ru,–,2
Rokusuke,timeto,2
Chojiand,Ino,2
Chunin,Hanabi,2
Chunin,Daimyo,2
Rock,Yagura,2
Choji,Teuchi,2
Choji,Shun,2
Naruto,Orochimaruto,2
Naruto,Ole,2
Hinata,Kamizuru,2
Hinata,Ruigaand,2
Hinata,Rock,2
Hinata,Iruka,2
Choji,Sand,2
Choji,Orochimaru,2
Sagi,The,2
Sagi,Shuriken,2
Sagi,Sagiwho,2
Sagi,Sagitook,2
Hinata,Hinatas,2
Hinata,Hinatais,2
Hiashi,–,2
Hiashi,Tyson,2
Naruto,Owwee,2
Naruto,Owashi,2
Sagi,a,2
Sagi,Tsunade,2
Choji,Nejior,2
Choji,Nejiin,2
Choji,Narutowill,2
Rock,Tenten,2
Rock,Shino,2
Rock,Shikamaru,2
Naruto,Ru,2
Naruto,Rogue,2
Haruna,by,2
Haruna,Ruigaand,2
Haruna,Jutsu,2
Haruna,Jiga,2
Hayate,Hokage,2
Choji,Kikusuke,2
Chishimawho,Sagi,2
Naruto,Ne,2
Hinata,beShino,2
Chishimawho,Owashi,2
Choji,Jutsu,2
Choji,Jirobo,2
Choji,Jiga,2
Choji,Ino-Shika-Cho,2
Choji,Ichiraku,2
Sagitook,Sagiwho,2
Hinata,Mark,2
Hinata,Lightning,2
Hinata,Temari,2
Hinata,Shadow,2
Hinata,Sazanami,2
Hinata,Sand,2
Sagiwas,the,2
Hatake,Sagi,2
Harutaro,Lee,2
Harunato,Naruto,2
Harunahide,Kikunojou,2
Harunahide,Janin,2
Naruto,Sage,2
Rogue,Zabuza,2
Roger,Tenten,2
Naruto,Sasukewhile,2
Naruto,Sasukein,2
Chunin,Kibaand,2
Chunin,Kiba,2
Choji,Fifth,2
Choji,Cricket,2
Cho,Han,2
Nanafushi,Naruto,2
Hinataare,Shino,2
Hinataare,Neji,2
Murakumo,Naruto,2
Hinata,andKurenai,2
Sakura,Sasukedrove,2
Sakura,Saru,2
Sakura,Sakurawas,2
Chishimawho,Naruto,2
Chishima,the,2
Chishima,The,2
Sakon,Ukon,2
Hinata,reallyOrochimaru,2
Hinata,on,2
Naruto,Ninjas,2
Sagiwho,Toki,2
Hinata,me,2
Hinata,lno,2
Naruto,Narutowhat,2
Sakura,Shinobi,2
Chishima,Sand,2
Chunin,Kakashi,2
Rasengen,Sakura,2
Naruto,Sansho,2
Naruto,Sanninas,2
Naruto,Sanchez,2
Hanzaki,Sasuke,2
Hanzaki,Orochimarufor,2
Chunin,Orochimaruis,2
Chunin,Ninjas,2
Chishima,Kakashi,2
Chikara,Naruto,2
Chidori,Sakuraare,2
Chidori,Sakura,2
Hitsuji,Sasuke,2
Hitsuji,Sakura,2
Hitsuji,Naruto,2
Moso,That,2
Moso,Tenten,2
Chief,Jiraiya,2
Chidorito,Sasuke,2
Chidorior,Sakura,2
Chidorior,Rasengan,2
Sakura,That,2
Sakura,Tayuya,2
Hitsuji,Jutsu,2
Monju,Todoroki,2
Hinata,meanShino,2
Hokage,Ino,2
Sakura,Uzumaki,2
Sakura,Unkai,2
Sakura,Tsuzumi,2
Sakura,Transform,2
Chidori,Uchiha,2
Chunin,Nejiin,2
Chunin,Neji,2
Hanzaki,Jiraiyato,2
Hanzaki,Hanzakior,2
Haruna,Harunato,2
Harem,–,2
Rasengan,Sasame,2
Ranmaru,everyonethan,2
Chunin,ofJonin,2
Chunin,kickedBushy,2
Hokage,Jiga,2
Mizura,Tenten,2
Mizura,Ninja,2
Mizukiwas,Tsunade,2
Mizukiwas,Orochimaruwere,2
Chakrayou,Naruto,2
Monju,Ninja,2
Mondai,The,2
Sakura,Zaku,2
Sakura,Yuhi,2
Chidori,Lee,2
Chidori,Ino,2
Sakura,Ya,2
Mondai,Poccha,2
Moegi,village!Konohamaru,2
Mizura,Tsunade,2
Mizukibecause,Orochimaru,2
Hokage,Proctor,2
Hokage,Neji,2
Hokage,Ibiki,2
Hokage,Kurenai,2
Chunin,Third,2
Chunin,Sound,2
Cricket,Yagura,2
Naruto,Shikamarugave,2
Naruto,Senta,2
Hakkaku,Teuchi,2
Naruto,Third,2
Naruto,Tayuya,2
Naruto,Tatsu,2
Naruto,Shugoro,2
Hokage,Kage,2
Sakura,howNaruto,2
Hanabi,Kibaand,2
Hanabi,Hinataunder,2
Hana,Naruto,2
Haku,the,2
Haku,Uchiha,2
Guyand,Neji,2
Guyand,Naruto,2
Guy,the,2
Guy,mewith,2
Guy,mewho,2
Cricket,Lee,2
Sakura,beShino,2
Sakura,askKurenai,2
Mizukiwas,Orochimaru,2
Mizukiwas,Naruto,2
Sannin,Tsunadewho,2
Sannin,This,2
Sand,Tenten,2
Mizuki,Nara,2
Hokage,byKakashi,2
Hokage,Mizuki,2
Sand,Sasuke,2
Sanchez,Shikamaru,2
Chakraeven,Jirobo,2
Chakraeven,Choji,2
Sakurawas,Sasuke,2
Hokage,Sannin,2
Mizuki,Shizune,2
Sakura,meanShino,2
Sakura,lruka,2
Sakura,isSasuke,2
Mizuki,Rasengan,2
Mizuki,Orochimaruwere,2
Mizuki,Orochimaruwas,2
Mizuki,Orochimarujust,2
Cha,–,2
Claw,Fang,2
Chunins,Shinobi,2
Chunin,worthy,2
Raijin,andRaijin,2
Raijin,Ton,2
Raijin,Sannin,2
Raigaover,Ranmaru,2
Raiga,everyonethan,2
Crow,Naruto,2
Crow,Kankuro,2
Sanninas,Tsunade,2
Cha,Kakashi,2
CHOJI,Naruto,2
Byakuganor,Shikamaru,2
Byakuganor,Sasuke,2
Byakuganat,Pervy,2
Byakuganat,Neji,2
Mi,U,2
Mi,Tora,2
Hokage,becomeHokage,2
Hokage,Yurinojou,2
Hokage,That,2
Hokagein,Naruto,2
Hokage,on,2
Mizuki,Mizukiand,2
Mizukage,Sharingan,2
Mi,ushi,2
Sarutobi,The,2
Sarutobi,Second,2
Mi,lnu,2
Mi,hitsuji,2
Raiga,Sasuke,2
Raiga,Sakura,2
Raiga,Rokusukewas,2
Naruto,Tonton,2
Naruto,Tokichi,2
Naruto,This,2
Guyand,Yagura,2
Guyand,Tenten,2
Naruto,Tunneling,2
Guy,Sand,2
Guy,Ryudouin,2
Daimyo,Kazekage,2
Naruto,Yakitori,2
Sasame,protectingOrochimaru,2
Sasame,outPervy,2
Byakugan,Zaku,2
Byakugan,Unkai,2
Byakugan,Tsunade,2
Mark,Sound,2
Hoki,Ninja,2
Hoki,Naruto,2
Hoki,Kakashi,2
Menma,right?Menma,2
Byakugan,The,2
Byakuganat,Naruto,2
Byakuganat,Hinata,2
Byakuganand,Shikamaru,2
Byakuganand,Naruto,2
Hokuto,The,2
Hokuto,Natsuhi,2
Menma,Menma.lf,2
McCoy,Tsunade,2
C’m,on,2
Proctor,Shino,2
Pop,Sakura,2
Poccha,The,2
Pervy,miso,2
Guy,Zabuza,2
Guy,Yuhi,2
Owashisearching,Toki,2
Guy,Nanafushiimmediately,2
Guy,Mondai,2
Guy,Kiba,2
Naruto,Yakumoto,2
Sasuke,Sasukeis,2
Byakugan,Kujaku,2
Byakugan,Kibaand,2
Hoshikage,the,2
Mark,Sasuke,2
Mark,Orochimaruis,2
Hoshikage,Mizura,2
Hoshikage,Hoshikageof,2
Hokuto,the,2
Byakugan,Hinataare,2
Byakugan,Pervy,2
Byakugan,Ninja,2
Sasu,Uchiha,2
Mangekyo,Shisui,2
Manda,Shizune,2
Menma,Orochimaruonce,2
Humph,Ino,2
Sasuke,Sasukewhile,2
Sasuke,Sasukeusing,2
Sasuke,Sasuketo,2
Pervy,Shizune,2
Pervy,Shikamaru,2
Demon,Iruka,2
Darudo,Naruto,2
Dan,Orochimaru,2
Dan,Nawakiand,2
Pervy,Sarutobi,2
Guy,Guyand,2
Grandson,Transform,2
Grandpa,–,2
Dojo,Guy,2
Demon,Zabuza,2
Sasuke,Tiger,2
Sasuke,Third,2
Sasuke,Tenten,2
Sasuke,Summo,2
Hoshikage,methe,2
Humph,Konohamaru,2
Ma,Naruto,2
Sasuke,Shirker,2
Byakugan,Byakuganat,2
Bushy-Brow’s,Sasuke,2
Bushy-Brow’s,Kekkei,2
Lightning,Ninja,2
Lens,Naruto,2
Humph,Shinobi,2
Manda,Naruto,2
Mai,Tsukiko,2
Sasuke,Ushi,2
Sasuke,Uma,2
Humph,Sarutobi,2
Lee,tim,2
Lee,me,2
Pakkun,Shikamaru,2
Pa,Shikamaru,2
PLACECHOJI,~FATSO,2
Owwee,Sakura,2
Naruto,aboutNaruto,2
Naruto,aboutMizuki,2
Dojo,Nanafushi,2
Owashisearching,Sagiwho,2
Bushy-Brows,Gantetsu,2
Bushy-Brow's,Kekkei,2
Bushy-Brow,Naruto,2
Lee,Shizune,2
Bushy,methat,2
Bushy,fromSakura,2
Bushy,andSasuke,2
Owashisearching,Sagitook,2
Owashisearching,Sagi,2
Owashiand,the,2
Owashiand,Sagi,2
Naruto,Zu,2
Naruto,Yogabut,2
Guy,Itachiwho,2
Gosunkugi,The,2
Naruto,celebrateShikamaru,2
Naruto,by,2
Naruto,askKurenai,2
Bushy,The,2
Sasuke,andSasame,2
Sasuke,afterSasuke,2
Sasuke,aboutNaruto,2
Sasuke,aboutDosu,2
Sasuke,Tsubaki,2
Lee,Sasukeon,2
Hyuga,Sasuke,2
Hyuga,Mark,2
Hyuga,Leaf,2
Humph,overSasuke,2
Sasuke,Yashamaru,2
Sasuke,Vendetta,2
Bushy,Rock,2
Bushy,Might,2
Bushy,Matsuri,2
Humph,Tenten,2
I,d,2
I,Yakumo,2
Hyuga,head,2
Naruto,andKurenai,2
Grandpa,methat,2
Grandpa,Tsunade,2
Grandpa,That,2
Grandfather,Tsunade,2
Grandfather,Nawaki,2
Grandfather,Naruto,2
Orochimaruwere,Tsunade,2
Orochimaruwas,Sasuke,2
Doubtless,Kabuto,2
Lee,Mizura,2
Bushy,Konohamaru,2
Bushy,Gantetsu,2
Idate,Wasabi,2
L,Sansho,2
L,Lee,2
Kurosuki,Tsunade,2
Leaves,Third,2
Leaffor,Sand,2
Leaf,head,2
Ibiki,lbiki,2
Ibiki,Jiraiya,2
Leaf,Yakumo,2
Leaf,Toki,2
Bunzo,Shugoro,2
Bunzo,Sentaif,2
Bunzo,Naruto,2
Lee,Poccha,2
I-Ibiki,Idate,2
Bunzo,Jirocho,2
Buddy,Kiba,2
Leaf,Pervy,2
Idate,Jonin,2
Orochimaruto,Tsunade,2
Orochimaruis,Tsunade,2
Gosunkugiwith,Tokichi,2
Gosunkugi,the,2
Gosunkugi,Torpedo,2
Gosunkugi,Tokichiis,2
Genno,abouthis,2
Genno,Tenten,2
Naruto,himeven,2
Naruto,him,2
Leader,Naruto,2
Inari,Jutsuto,2
Sasuke,withNaruto,2
Sasuke,whereSasuke,2
Sasuke,whatKazekage,2
Sasuke,toOrochimaru,2
Sasuke,thatSasuke,2
Injure,Lee,2
Kurosuki,Sasuke,2
Bro,Moegi,2
Bro,Hokage,2
Bounty,Tokichi,2
Bounty,Gatsu,2
Sasuke,that,2
Sasuke,ofOrochimaru,2
Sasuke,letOrochimaru,2
Sasuke,kickedBushy,2
Kurenaiwith,Yakumo,2
Enma,Humph,2
Enma,Hokage,2
Ino,Rock,2
Ino,Pervy,2
Ino,Paradise,2
Ino-Shika-Cho,Naruto,2
Ino,saru,2
Ino,inu,2
Ino,Tsuchi,2
Kurenaidetermined,The,2
Kurenai,–,2
Kurenai,whomMurakumo,2
Ino,Ninja,2
Ino,Neji,2
Ino,Kurenai,2
Boss,–,2
Ino,Temari,2
Ino,Sign,2
Ino,Sensei,2
Ino,Sakurawas,2
Naruto,entireKagetsu,2
Naruto,eitherOrochimaru,2
Gosunkugi,Hidden,2
Gosa,–,2
Gosa,the,2
Gonta,Hokage,2
Grampa,Mommy,2
Orochimaruduring,Tayuya,2
Orochimaruduring,Sasuke,2
Orochimaruand,Sasuke,2
Enma,Orochimaru,2
Enma,Konohamaru,2
Genno,Gennothe,2
Iruka,Jiraiya,2
Iruka,Irukawas,2
Kurenai,aboutYakumo,2
Bikochu,Kurobachi,2
Ino,Tenten,2
Senbons,Shikamaru,2
Sazanami,Tokichi,2
Sazanami,Shinobi,2
Black,Crow,2
Bikochu,ofSasuke,2
Bikochu,locateSasuke,2
Bikochu,Shinoas,2
Kurenai,isKurenai,2
Inari,Zabuza,2
Inari,Tazuna,2
Inu,Sakura,2
Inu,Naruto,2
Inu,Jutsu,2
Intense,Naruto,2
Ino-Shika-Cho,Shikamaru,2
Iruka,Jiraiyacould,2
Ebisu,the,2
Ebisu,Sasuke,2
Ebisu,Sakura,2
Ebisu,Hokage,2
Naruto,isShikamaru,2
Genno,forGenno,2
Genjutsu,Sakura,2
Naruto,takeSasuke,2
Naruto,sureto,2
Genno,Ichiraku,2
B-Bushy,Bushy,2
Shikamaru,Yogabut,2
Bikochu,Kurenai,2
Bikochu,Jibachi,2
Bikochu,Hokage,2
Bikochu,Genin,2
Bikochu,Byakugan,2
Beeswax,Naruto,2
Sensei,Yuhi,2
Sensei,The,2
Iruka,Obito,2
Iruka,Kurenai,2
Iruka,Kiba,2
Kurenai,Shikamaru,2
Sharingan,ushi,2
Inu,Sasuke,2
Iruka,myselffor,2
Iruka,isNaruto,2
Iruka,aboutMizuki,2
Iruka,Udon,2
Kurenai,Kurenaiwith,2
Sharingan,theHyuga,2
Sharingan,saru,2
Sharingan,copiesZabuza,2
Shadow,Tsunade,2
Senta,Tsunade,2
Senta,Shugoro,2
Sensei,sealedYakumo,2
Sensei,Zabuza,2
Baki,Kazekage,2
Baki,Gaara,2
B-Bushy,Naruto,2
Kurenai,Orochimaruwere,2
Kurenai,Mizukiwas,2
Kurenai,Mizuki,2
Genma,Uchiha,2
Genma,Sasuke,2
Naruto,methat,2
Naruto,melike,2
Naruto,meetOrochimaru,2
Naruto,meanShino,2
FATSO~,~FATSO,2
FATSO~,PLACECHOJI,2
FATSO~,Naruto,2
FATSO~,JIROBO,2
Enma,Transform,2
Enma,Sarutobi,2
Iruka,Raijin,2
Isarirbi,Orochimaru,2
Isaribigo,Naruto,2
Kuni,Ninja,2
Kuni,Kunijiro,2
Shikamaru,me,2
Shikamaru,lno,2
Ayame,meto,2
Ayame,The,2
Ayame,Shinobi,2
Ayame,Choji,2
Ayame,Ayameback,2
Kunoichi,Sasuke,2
Isaribi,mewho,2
Isaribi,Sea,2
Shikamaru,Shizune,2
Shijimi,the,2
Kunihisato,a-Ninja,2
Asuma,Guy,2
Asuma,Tsunade,2
Orochimaru,toOrochimaru,2
Orochimaru,saru,2
Genma,Raido,2
Genjutsu,Shikamaru,2
Genin,Kurenai,2
Natsuboshi,Natsuhiboshi,2
Narutowill,Neji,2
Narutotry,Sasuke,2
Genin,ofJonin,2
Asuma,Temari,2
Asuma,Shino,2
Asuma,Orochimaruwere,2
Shikamaru,whereKakashi,2
Arashi,Gamakichi,2
Arashi,Fuuma,2
Konohamaru,The,2
Kunai,Sumaru,2
Kujaku,Shikamaru,2
Shino,Yamanaka,2
Shino,Unkai,2
Asuma,Mizukiwas,2
Asuma,Lee,2
Asuma,Kiba,2
Asuma,Iruka,2
Asuma,Hokage,2
Itachi,Orochimaruever,2
Konohamaru,isNaruto,2
Konohamaru,Tsunadeto,2
Konohamaru,Transform,2
Komei,The,2
Komei,Tenten,2
JIROBO,PLACECHOJI,2
JIROBO,Naruto,2
Izumo,Uchiha,2
Itachiwho,Sasuke,2
Itachiwho,Raiga,2
Asia,Gosunkugi,2
Arashiyou,Sakura,2
Arashiyou,Naruto,2
Arashimight,Orochimaru,2
Arashimight,Naruto,2
Shino,lno,2
Shino,entireKagetsu,2
Shino,removingKurenai,2
Arashi,Orochimarufor,2
Itachi!And,Kisame,2
Itachi,Zabuzahad,2
Konohamaru,Kurenai,2
Komei,–,2
Narutoall,Tsunade,2
Naruto,~FATSO,2
Naruto,withNaruto,2
Fang,Shikamaru,2
Fang,Naruto,2
Natsuhiboshi,The,2
Fever,Tsunade,2
Fatty,Shikamaru,2
Fatty,Naruto,2
Farewell,Shura,2
Farewell,Naruto,2
Komei,Warrior,2
Natsuhi,the,2
Genin,Leaf,2
Genin,Kurosuki,2
First,Orochimaru,2
Fifth,Tsunade,2
Fifth,Sasuke,2
Fifth,Naruto,2
Fifth,Hokage,2
Orochimaru,andSasame,2
Aoi,Jirocho,2
Aoi,Chunin,2
Shinobi,The,2
Janin,and,2
Janin,Kikunojou,2
Konohamaru,Saru,2
Itachi!And,Sasuke,2
Anko,Kabuto,2
Anko,Hayate,2
Anko,Corpses,2
Kisame,Pervy,2
Jako,Ryudouin,2
JIROBO,~FATSO,2
Komei,Shuriken,2
Sitting,Tsunade,2
Shuriken,Zabuza,2
Shukaku,the,2
Shukaku,Yashamaru,2
Anko,–,2
Shizune,caughtNaruto,2
Farewell,Gantetsu,2
Orochimaru,measureSasuke,2
Orochimaru,inu,2
Anbu,Anko,2
Jibachi,Naruto,2
Jibachi,Kurobachi,2
Jerk,Sasuke,2
Sumaru,whatNeji,2
Orochimaru,aboutOrochimaru,2
Genin,Kibaand,2
Genin,Hokage,2
Genin,Hinataunder,2
Genin,Hiashi,2
Nawakiand,Orochimaru,2
Gato,Sakura,2
Ne,tori,2
Ne,tatsu,2
Sumaru,methe,2
Sumaru,leaveSumaru,2
Jigumo,Orochimaru,2
Jigumo,Kamikiri,2
Tazuna,toNaruto,2
Gekko,Sakura,2
Gatô,Naruto,2
Orochimaru,idiotsJirobo,2
Orochimaru,getlsaribi,2
Flames,Todoroki,2
Neji,Number,2
Orochimaru,Tyson,2
Orochimaru,Tsunadedo,2
Orochimaru,That,2
Fourth,the,2
Tazuna,Uchiha,2
Anbu,Naruto,2
Anbu,Kankuro,2
The,Yagura,2
Kimimaro,Tayuya,2
Jiga,Yurinojou,2
Jiga,Ruigaand,2
Jira-chan,Pervy,2
Jin,Tatsu,2
Jin,Sharingan,2
Jin,Saru,2
Jiraiya,Oli,2
Jiraiya,Katsuyu,2
Jiraiya,Jiraiyawill,2
Jiraiya,Jiraiyacould,2
Kin,aboutDosu,2
Kin,Zaku,2
Jin,Naruto,2
Jin,Jutsu,2
Gantetsu,Rock,2
Tokichi,Tokichishall,2
Toki,isShikamaru,2
Todoroki,the,2
Akio,Bushy,2
Jiraiyacould,Naruto,2
Jiraiya,wordsGaara,2
The,Warrior,2
That,the,2
Amaterasu,Tsukuyomi,2
Amachi,Toad,2
Teuchi,the,2
Tenten,Yagura,2
Temari,forGaara,2
Temari,Uchiha,2
Akio,fromSakura,2
Jiraiya,Shinobi,2
Jiraiya,Sakura,2
Tora,U,2
Fourth,Rasengan,2
Fourth,Hoshikage,2
Gatsu,Tokichishall,2
Gatsu,Sazanami,2
Gatsu,Naruto,2
Gato,the,2
Gato,The,2
Gato,Sharingan,2
Orochimaru,Sasukewhile,2
Orochimaru,Sasukethat,2
Fujin,Ton,2
Fujin,Sannin,2
Gantetsu,Uzumaki,2
Tora,lnu,2
Tora,forKakashi,2
Kikunojou,Kikunojouwill,2
Jiraiya,underGaara,2
Jiraiya,Yogabut,2
Jiraiya,Tyson,2
Kimimaro,Naruto,2
Killer,a,2
Jirobo,Kiba,2
Jirobo,Kakashi,2
Jiraiyato,Sasame,2
Jiraiyais,Naruto,2
Jiraiyacould,That,2
Jiraiyacould,Orochimaru,2
Kikunojou,Yurinoshin,2
Jiraiya,That,2
Kikunojou,Shizune,2
Akatsuki,Tsunade,2
Akatsuki,Sage,2
Akatsuki,Chidori,2
Gantetsuis,Naruto,2
Gantetsu,thatGantetsu,2
Neji,Rasengan,2
Neji,Proctor,2
Neji,Pervy,2
Neji,Owashi,2
Neji,Orochimaruand,2
Orochimaru,Orochimaruwas,2
Orochimaru,Orochimaruwant,2
Fuuma,Kagero,2
Futa,Tobei,2
Fukusuke,whenJirocho,2
Jonin,Narutos,2
Kiba,on,2
Kiba,lno,2
Kiba,isAkamaru,2
Kiba,fatso,2
Jirobo,norKidomaru,2
Jirobo,Orochimaru,2
Kidomaru,the,2
Kidomaru,idiotsJirobo,2
Kidomaru,Tayuya,2
Akamaru,lno,2
Tracker,Zabuza,2
Kibaor,Naruto,2
Jonin,Kakashi,2
Jirocho,Tsunade,2
Kikunojou,Yurinojou,2
Jirocho,Sentaif,2
Jirocho,Sasuke,2
Jirocho,Ninja,2
Jonin,Sensei,2
Jonin,Ninja,2
Orochimaru,Orochimarujust,2
Fujin,Ninjareally,2
Fuki,Ran,2
Fuki,Ninja,2
Orochimaru,Sage,2
Orochimaru,Raido,2
Orochi,Orochimaru,2
Onbu,Tsunade,2
Gaara,Hinata,2
Gaara,Hatake,2
Gaara,Gaarawas,2
Gantetsu,Gon,2
Neji,Shiin,2
Neji,Sharingan,2
Nejior,Shikamaru,2
Neji,meanShino,2
Neji,me,2
Neji,fatso,2
Neji,everyonethan,2
Gamatatsu,Jiraiya,2
Tsukiko,ding-dong-ding,2
Kiba,Tunneling,2
Jonin,removingKurenai,2
Kiba,Transform,2
Kiba,That,2
Kiba,Shinemon,2
Jirocho,Shizune,2
Kiba,Kibawith,2
Tsunade,lt,2
Akamaru,Shinemon,2
Akamaru,Sazanami,2
Akamaru,Pervy,2
Tsunade,isManda,2
Tsunade,eitherOrochimaru,2
Tsunade,controland,2
Tsunade,becomeHokage,2
Tsunade,this,2
Tsunade,mewho,2
Tsunade,meto,2
Tsunade,a,2
Akamaru,Temari,2
Akamaru,Tayuya,2
Tsunade,Tsunadehas,2
Gaara,Iron,2
Gaara,Ino,2
Kekkei,Sharingan,2
Jutsuthat,Rasengan,2
Jutsuthat,Naruto,2
Kazekage,Uchiha,2
Jutsu,Lee,2
Kiba,Sakon,2
Kiba,Rock,2
Kiba,Narutoto,2
Uchiha,thatNeji,2
Uchiha,on,2
U,lnu,2
Akamaru,Hana,2
Akamaru,Guy,2
Kiba,Leaf,2
Jutsu,by,2
Jutsu,Ushi,2
Jutsu,Uma,2
Ki,Naruto,2
Kekkei,Zabuza,2
Gamakichi,Jiraiya,2
Gamakichi,Gamatatsu,2
Gamabunta,Sakura,2
Neji,beShino,2
Neji,Uchiha,2
Neji,Tunneling,2
Orochimaru,Orochimaruduring,2
G-Guy?,Lee,2
Gaara,Jutsu,2
Gaara,Jonin,2
Gaara,Iruka,2
Akamaru,Bushy,2
Gaara,Hyuga,2
Ninja,Ran,2
Gaaraof,Uchiha,2
Gaaraof,Nejithat,2
Nejithat,Uchiha,2
Gaara,lnu,2
Gaara,isSasuke,2
Ninja,head,2
Akahoshiis,Sumaru,2
Uchiha,whatKazekage,2
Uchiha,thatSasuke,2
Katsuyu,Naruto,2
Karashidid,Sansho,2
Karashidid,Raiga,2
Kabuto,Kazekage,2
Karashi,Karashidid,2
KAKASHI,–,2
K-Kurenai,Yakumo,2
K-Kurenai,Unkai,2
K-Karashi,Sansho,2
K-Kakashi,Sasuke,2
K-Kakashi,Kakashi,2
Akahoshi,The,2
Kabuto,Sarutobi,2
Kabuto,Sanninas,2
Kabuto,Oli,2
Katsuyu,meto,2
Unkai,beKurenai,2
Udon,–,2
Udon,village!Konohamaru,2
Udon,isNaruto,2
Ninjareally,Raijin,2
Agira,Sakura,2
Yakumo,d,2
Yakumo,beKurenai,2
Yakumo,askKurenai,2
Yakumo,aboutYakumo,2
Kabuto,Shikamaru,2
Kabuto,Sharingan,2
Kabuto,Ninjaby,2
Kabuto,Nine-Tailed,2
Karashi,aboutKarashi,2
Wagarashi,whenJirocho,2
Akahoshi,Jutsueven,2
Akahoshi,Hoshikageof,2
Akahoshi,Genin,2
Akahoshi,Farewell,2
Akahoshi,Beast,2
Akagi,Naruto,2
Agira,Yagura,2
Gaarajust,Neji,2
Gaaraand,Kakashi,2
Ninja,Sensei,2
Ninja,Sasame,2
Ninja,Sarutobi,2
Ninja,Sagi,2
Ninja,Rogue,2
Gaara,Tsunade,2
Gaara,Tora,2
Gaara,The,2
Gaara,Suiko,2
Ninjas,Sasuke,2
Ninjas,Rock,2
Kakashi,Nine-Tailed,2
Kakashi,Leaf,2
Kakashi,Kunoichi,2
Kagero,a,2
Kagero,Leaf,2
Kage,Sumaru,2
Kankuro,Yoroi,2
Kankuro,Proctor,2
Kankuro,Neji,2
Kagetsu,entireKagetsu,2
Kages,Orochimaru,2
Kankuro,Naruto,2
Kamikiri,Orochimaru,2
Kagari,Naruto,2
Kabuto,willKimimaro,2
Yakumo,importantKurenai,2
Kakashi,Uchiha,2
hitsuji,ne,2
Kakashi,Sasukeis,2
Kakashi,Sasukeare,2
!,lsaribi,2
the,–,2
ne,uma,2
ofYakumo,whomMurakumo,2
tori,uma,2
-Lord,Akahoshi,2
-Gaara,Gaara,2
!ls,Kurenai,2
Agari,Akamaru,2
Abumi,Sasuke,2
Abate,Sensei,2
Yoroi,the,2
Hayate,Shinobi,2
Hayate,Sakura,2
Hayate,Obito,2
Hayate,Kakashi,2
Hiashi,Naruto,2
tatsu,uma,2
tatsu,tori,2
Gaara,Sagi,2
Gaara,Pervy,2
Ole,Shikamaru,2
Ninjas,the,2
Gaara,U,2
Kakashi,Sakon,2
Kakashi,Owashi,2
Kakashi,Orochimaruduring,2
Kakashi,Yashamaru,2
whereSasuke,–,1
!lruka,Iruka,1
!lruka,Naruto,1
!lruka,Tsubaki,1
!ls,Guy,1
!ls,I,1
!ls,Naruto,1
!ls,Sakura,1
!ls,Yakumo,1
!ls,d,1
-Gaara,Akamaru,1
locateSasuke,ofSasuke,1
A,Kinuta,1
A,Kankuro,1
A,Kabuto,1
A,Iruka,1
A,Gamatatsu,1
A,Gamakichi,1
A,Gaara,1
A,Chunin,1
A,Amachi,1
-Lord,Neji,1
-Lord,Natsuhi,1
isManda,meto,1
in,the,1
importantKurenai,underKurenai,1
idiotsJirobo,mewho,1
Kakashi,aboutSasuke,1
Kakashi,aboutDosu,1
Kakashi,Zaku,1
Kakashi,Sarutobi,1
Kakashi,Saru,1
Kakashi,Rasengan,1
Kakashi,Raiga,1
Kakashi,Pocha,1
Kakashi,Orochimaruever,1
Kakashi,Oli,1
Kakashi,Zabuzahad,1
Kakashi,Zabuza?!Hey,1
Kakashi,Yoroi,1
Kakashi,Tsunade's,1
Kakashi,Transform,1
Kakashi,Tori,1
Kakashi,Ne,1
Kakashi,Narutoin,1
Kakashi,Moso,1
Kakashi,Land,1
Kakashi,Kurosuki,1
Kakashi,Komei,1
Kakashi,thatKakashi,1
Kakashi,myselffor,1
Kakashi,meto,1
Kakashi,measureSasuke,1
Kakashi,mealong,1
Kakashi,lt,1
Kakashi,kickedBushy,1
Kakashi,isKakashi,1
Kakashi,fightSasuke,1
Kakashi,alsoSasuke,1
Kakashi,Kekkei,1
Kakashi,Kazekage,1
Kakashi,Kakashiof,1
Kakashi,Kakashi?Does,1
Kagetsu,Tobei,1
Kages,Sasuke,1
Kages,Sarutobi,1
Kankuro,Kunoichi,1
Kamizuru,whenHinata,1
Kamikiri,Orochimaruand,1
Kamikiri,Leaf,1
Kakashiof,Tazuna,1
Kakashi?Does,Naruto,1
Kakashi,whereKakashi,1
Kakashi,trainSasuke,1
Kakashi,thatltachi,1
Kages,Kazekage,1
Kages,Kakashi,1
Kagero,the,1
Kagero,andSasame,1
Kagero,Rasengan,1
Kagero,Pervy,1
Kagero,Orochimaruand,1
Kanpachi,timeto,1
Kanpachi,Rokusuke,1
Kanpachi,Karashi,1
Kankuro,the,1
Kankuro,Shizune,1
Kankuro,Shikamaru,1
Kankuro,Orochimaru,1
Kakashi,Kin,1
Kakashi,Kidomaru,1
K-Karashi,Lee,1
K-Karashi,L,1
K-Karashi,Karashi,1
Kabuto,Sannin,1
Kabuto,Nawakiand,1
Kabuto,Narutowould,1
Karashi,L,1
Kanpachifrom,Rokusuke,1
Kage,Kakashi,1
Kagari,Sasuke,1
Kabuto,aboutNaruto,1
Kabuto,Tsunadedo,1
Kabuto,Temari,1
Kabuto,Shinobifrom,1
Kabuto,Shino,1
Kabuto,Sasukein,1
Kazekage,Shikamaru,1
Kazekage,Sakura,1
Kazekage,Raido,1
Kazekage,Ninja,1
Kayo,Tsunade,1
Katsuyu,isManda,1
Katsuyu,Tamaya,1
Katsuyu,Shizune,1
Katsuyu,Sannin,1
Katsuyu,Orochimaruto,1
Katsuyu,Lee,1
Katsuyu,Leaf,1
Katsu,Shikamaru,1
Kabuto,Kankuro,1
Kabuto,Kages,1
Kabuki,Suiko,1
Kazekage,on,1
Kazekage,melike,1
Jutsuto,the,1
Jutsuto,Tsunade,1
Jutsuto,Sitting,1
Jutsuto,Sasuke,1
Jutsuto,Kakashi,1
Jutsuthat,the,1
Jutsuthat,Tsunade,1
Jutsuthat,Kakashi,1
Jutsus,Kakashi,1
Jutsuone,Uchiha,1
Jutsueven,Tsunade,1
Jutsueven,Sumaru,1
Jutsueven,Natsuhi,1
Jutsueven,Naruto,1
Jutsu,intoOrochimaru,1
Jutsu,afterSasuke,1
Jutsu,Zabuza,1
Jutsu,U,1
Jutsu,Tora,1
Jutsu,The,1
Jutsu,Tenten,1
Jutsu,Tazuna,1
Ki,Zu,1
Ki,Sagi,1
Ki,Ma,1
Kekkei,The,1
Kekkei,Sasukeusing,1
Kekkei,Sakura,1
Kekkei,Naruto,1
Kazekage,thatSasuke,1
Kiba,Sensei,1
Kiba,Satomi,1
Kiba,Sand,1
Jutsu,Sasuketo,1
Jutsu,Rock,1
Jutsu,Raido,1
Jutsu,Neji,1
Jutsu,Mizuki,1
Jutsu,Mi,1
Kiba,Rasengan,1
Kiba,Proctor,1
Kiba,Narutoall,1
Kiba,Lion,1
Kiba,Kimimaro,1
Jutsu,lnu,1
Jutsu,letOrochimaru,1
Kiba,Yagura,1
Kiba,Unkai,1
Junko,Sasuke,1
Junko,Naruto,1
Junko,Kakashi,1
Jonin,whomMurakumo,1
Jonin,underKurenai,1
Jonin,ofYakumo,1
Jonin,jonin,1
Jonin,head,1
Jonin,fromKurenai,1
Jonin,Zabuza,1
Jonin,Uchiha,1
Jonin,The,1
Kiba,Tsunadeto,1
Kiba,Shinoas,1
Kiba,thatGenno,1
Kiba,removingKurenai,1
Kiba,reallyOrochimaru,1
Kiba,ofYakumo,1
Kiba,ofSasuke,1
Kiba,meanShino,1
Kiba,me,1
Kiba,locateSasuke,1
Kiba,intoAkamaru,1
Kiba,insideYakumo,1
Kiba,him,1
Kiba,head,1
Kiba,correctsTayuya,1
Kiba,andKurenai,1
Kiba,a,1
Kiba,Yakumoout,1
Jirocho,Uzumaki,1
Jirocho,Shinobi,1
Jirocho,Sakura,1
Jirochi,Naruto,1
Jonin,Sarutobi,1
Jonin,Sakura,1
Jonin,Orochimaruare,1
Jonin,Orochimaru,1
Jonin,Narutothink,1
Jonin,Murakumo,1
Jonin,Kurama,1
Jonin,Konohamaru,1
Kibaand,Tsunade,1
Kibaand,The,1
Kiba,wasYuhi,1
Kiba,tim,1
Jirobo,fightSasuke,1
Jirobo,Sakura,1
Jirobo,Orochimaruduring,1
Jirobo,Ninja,1
Jirobo,Naruto,1
Jirobo,Kimimaro,1
Kidomaru,mewho,1
Kidomaru,fightSasuke,1
Kidomaru,Sakura,1
Kidomaru,Rasengan,1
Kidomaru,Orochimaruduring,1
Kidomaru,Kimimaro,1
Kibawith,intoAkamaru,1
Kibaor,Transform,1
Jonin,Kakashi?Does,1
Jirocho,–,1
Killer,Lee,1
Jiraiyawill,aboutNaruto,1
Jiraiyawill,Sasuke,1
Jiraiyawill,Sakura,1
Jiraiyawill,Narutowould,1
Jiraiyawill,Kabuto,1
Jiraiyato,Sakura,1
Jiraiyaeagerly,The,1
Kikusuke,Tsunade,1
Kikusuke,The,1
Kikusuke,Ruiga,1
Kikusuke,Ninja,1
Kikunojouwill,Shizune,1
Kikunojouwill,Naruto,1
Kikunojou,Shadow,1
Jirobo,the,1
Jiraiya,Shark,1
Jiraiya,Sanchez,1
Jiraiya,Rogue,1
Jiraiya.,The,1
Jiraiya,–,1
Jiraiya,that,1
Jiraiya,ofOrochimaru,1
Jiraiya,meto,1
Jiraiya,Tsunadeand,1
Kimimaro,Pervy,1
Kimimaro,Orochimaruwant,1
Kimimaro,Orochimarutruly,1
Kimimaro,Orochimaruis,1
Kimimaro,Ninja,1
Kimimaro,Neji,1
Killer,Temari,1
Jiraiya,Jiraiya.,1
Jira-chan,a,1
Jira-chan,Naruto,1
Jiraiya,Ole,1
Jiraiya,Lee,1
Jiraiya,Kakashi,1
Jiraiya,Jutsuthat,1
Kinuta,Orochimaru,1
Kinuta,Naruto,1
Kin,–,1
Kin,Sasukein,1
Kin,Lee,1
Kimimaro?Get,Zabuza,1
Kimimaro,meon,1
Kimimaro,Shikamaru,1
Jiraiya,Shu,1
Jelly,Shinobi,1
Jelly,Sasuke,1
Jelly,Ninja,1
Jelly,Naruto,1
Jelly,Jirocho,1
Koharu,Orochimaru,1
Kisame,a,1
Kisame,Uchiha,1
Kisame,The,1
Kisame,Lightning,1
Kisame,Lee,1
Kinuta,Sasuke,1
Jin,Sakura,1
Jin,Kakashi,1
Jigumo,Orochimaruand,1
Jigumo,Leaf,1
Itachi!And,Zabuza,1
Jeez,Sagi,1
Jeez,Naruto,1
Janin,The,1
Janin,Ruiga,1
Janin,Jiga,1
Jako,Lee,1
JIROBO,thoughtChoji,1
JIROBO,Sakura,1
Komei,Sagidoes,1
Komei,Mosowho,1
Komei,Land,1
Jibachi,Suzumebachi,1
Jibachi,Shino,1
Jerk,asSasuke,1
Jerk,Sakura,1
Itachi!And,Itachiwho,1
Itachi,thatltachi,1
Itachi,Yashamaru,1
Itachi,The,1
Itachi,Shinobilike,1
Konohamaru,Orochimaru,1
Konohamaru,Ninja,1
Komeihas,Owashi,1
Komeihas,Moso,1
Komei,mewas,1
Izumo,Sakura,1
Itachiwho,Naruto,1
Itachiwho,Kakashi,1
Itachiis,Scaredy-Cat,1
Itachiis,Sakura,1
Itachicome,Uchiha,1
Itachi,Rokusuke,1
Itachi,Roger,1
Itachi,Raiga,1
Itachi,Nine-Tailed,1
Itachi,Nine,1
Itachi,Narutois,1
Itachi,Narutoin,1
Itachi,Kurosuki,1
Konohamaru,himeven,1
Konohamaru,Zabuza,1
Konohamaru,Tonton,1
Konohamaru,That,1
Konohamaru,Temari,1
Itachi!And,Raiga,1
Itachi!And,Naruto,1
Itachi!And,Kakashi,1
Kujakubeing,The,1
Kujakubeing,Natsuhi,1
Kujakubeing,Narutowith,1
Kujakubeing,Naruto,1
Kujaku,–,1
Kujaku,the,1
Kujaku,Yotaka,1
Kujaku,Tenten,1
Kujaku,Shisou,1
Kujaku,Shino,1
Kujaku,Ninja,1
Kujaku,Lee,1
Konohamarutales,Sasuke,1
Konohamarutales,Naruto,1
Konohamaru,methat,1
Itachi,Sasukein,1
Kuni,–,1
Kuni,a-Ninja,1
Itachi,Kabuto,1
Itachi,Jutsu,1
Itachi,Itachiwho,1
Itachi,Itachicome,1
Itachi,Itachi!And,1
Isarirbi,the,1
Isarirbi,mewho,1
Isarirbi,Sasuke,1
Isaribi!lsaribi,the,1
Isaribi!lsaribi,Naruto,1
Kuni,Kunihisato,1
Kunai,Zaku,1
Kunai,Sasuke,1
Kunai,Proctor,1
Isaribi,lsaribi,1
Isaribi,Yoroi,1
Isaribi,Tsunade,1
Isaribi,Toad,1
Isaribi,Shino,1
Isaribi,Sensei,1
Kunoichi,Naruto,1
Kunijiro,Tsunade,1
Kunijiro,Shizune,1
Kunihisato,Tsunade,1
Kunihisato,Ninja,1
Kunihisa,–,1
Kunihisa,Shizune,1
Kunihisa,Papa,1
Kunihisa,Ninja,1
Kunihisa,Kunijiro,1
Iruka,lruka,1
Iruka,himeven,1
Iruka,a,1
Iruka,Zabuza,1
Iruka,Tsunadeto,1
Iruka,Tsunades,1
Iruka,Third,1
Kurenai,Leaf,1
Kurama,Shinobi,1
Kurama,Kurenai,1
Kunoichiwho,Sumaru,1
Kunoichiwho,Natsuhi,1
Kunoichi,Transform,1
Kunoichi,Sannin,1
Kunoichi,Orochimaru,1
Kunoichi,Neji,1
Iruka,Moegi,1
Iruka,Mizukibecause,1
Iruka,Mizukiand,1
Iruka,Leaves,1
Iruka,Konohamarutales,1
Kurenai,Shinoas,1
Kurenai,Rock,1
Kurenai,Neji,1
Kurenai,Narutoall,1
Iruka,Shizune,1
Iruka,Shino,1
Iruka,Sarutobi,1
Iruka,Orochimarujust,1
Iruka,Oli,1
Iruka,theseChunin,1
Iruka,the,1
Intense,thatBushy,1
Intense,roger,1
Intense,Nanafushi,1
Inopig,Sasuke,1
Iruka,Kabuto,1
Iruka,Jutsuthat,1
Iron,Matsuri,1
Inu,the,1
Inu,The,1
Kurenai,askKurenai,1
Kurenai,a,1
Kurenai,Uroko,1
Kurenai,Uchiha,1
Kurenai,Shinobi,1
Iruka,Nara,1
Iruka,Moegi?Pull,1
Ino-Shika-Cho,Neji,1
Ino,–,1
Ino,visitSasuke,1
Ino,meanShino,1
Ino,Yamanaka,1
Ino,Uchiha,1
Ino,Tyson,1
Ino,Tunneling,1
Ino,The,1
Kurenai,underKurenai,1
Kurenai,that,1
Kurenai,ofSasuke,1
Kurenai,madeYakumo,1
Kurenai,locateSasuke,1
Kurenai,d,1
Inu,Leaf,1
Kurosuki,timeto,1
Kurosuki,Zabuza,1
Kurosuki,Tenten,1
Kurosuki,Sakura,1
Kurosuki,Rokusukewas,1
Kuromaru,Shino,1
Kurobachi,Shino,1
Kurenaitook,Tsunade,1
Kurenaitook,Murakumoof,1
Kurenaitook,Murakumoand,1
Kurenaidetermined,absorbingYakumo,1
Ino,Kin,1
Inari,The,1
Ino,Shinobi,1
Ino,Sharingan,1
Ino,Pakkun,1
Leaf,Lee,1
Land,Tenten,1
Land,Sagi,1
Land,Owashi,1
Inari,Ninjathat,1
Idate,the,1
Idate,ldate,1
Idate,Wagarashi,1
Idate,That,1
Idate,Sharingan,1
Land,Ninja,1
Land,Neji,1
Land,Naruto,1
Land,Moso,1
Kyuroku,Wagarashi,1
Kyuroku,Naruto,1
Leaf,Orochimaruand,1
Idate,Sakurain,1
Idate,Jirochi,1
Ichiraku,anyonewho,1
Ichiraku,Tsunade,1
Ichiraku,The,1
Ichiraku,Teuchi,1
Ichiraku,Shinobi,1
Ichiraku,Ryonin,1
Ichiraku,Orochimarumight,1
Leaf,Neji,1
Leaf,Ne,1
Leaf,Natsuhi,1
Leaf,Mi,1
Leaf,Menma,1
Leaf,Mark,1
Ibiki,Sannin,1
Ibiki,Sakura,1
Ibiki,Ninja,1
Ibiki,Lee,1
Ibiki,Kurenai,1
Ibiki,Kabuto,1
Ibiki,Inopig,1
I-Ibiki,Naruto,1
Leaf,andKurenai,1
Leaf,Uma,1
Leaf,Tori,1
Leaf,Tamaya,1
Leaf,Shikamaru,1
Leaf,Sarutobi,1
Leaf,Sakurawith,1
Leaf,Sakura,1
Hyuga,thatHizashi,1
Hyuga,isSasuke,1
Hyuga,branch,1
Hyuga,andNeji,1
Hyuga,Vendetta,1
Hyuga,Uchiha,1
Hyuga,Temari,1
Lee,Nanafushiimmediately,1
Lee,Mondai,1
Lee,Lightning,1
Leaffor,Sasuke,1
Leaf,the,1
Leaf,methat,1
Leaf,isShikamaru,1
Ichiraku,Leaf,1
Ibiki,Vendetta,1
Hyuga,Kibaand,1
Hyuga,Kazekage,1
Hyuga,Ibiki,1
Humph,thatKakashi,1
Humph,peekingand,1
Lee,Rokkaku,1
Lee,Roger,1
Lee,Raigaover,1
Lee,Ninjaby,1
Lee,Nejito,1
Lee,Nejithat,1
Lee,Natsuhiboshi,1
I-Ibiki,Ibiki,1
I,madeYakumo,1
I,Naruto,1
I,Kurenai,1
Lee,Tsunadeand,1
Lee,Tsunada,1
Lee,Todorokiis,1
Lee,That,1
Lee,Tazuna,1
Lee,Tamaya,1
Lee,Shura,1
Lee,Shino,1
Lee,Sharingan,1
Lee,Sasu,1
Lee,Sarutobi,1
Lee,Ryudoin,1
Hyuga,Shikamarugave,1
Hyuga,Shikamaru,1
Hyuga,Shadow,1
Hyuga,Lightning,1
Lee,bob,1
Lee,a,1
Humph,ofJonin,1
Humph,myselffor,1
Humph,a,1
Humph,Zaku,1
Humph,Yoroi,1
Humph,Tyson,1
Humph,Tsurugi,1
Humph,Transform,1
Humph,Temari,1
Humph,Tayuya,1
Humph,Sitting,1
Humph,Sign,1
Humph,Shizune,1
Lee,Yagurathat,1
Humph,Shadow,1
Humph,Sensei,1
Humph,Sannin,1
Humph,Sakon,1
Humph,Owwee,1
Humph,Orochimarutruly,1
Humph,Obito,1
Lee,whereKakashi,1
Lee,the,1
Lee,thatNeji,1
Lee,mewith,1
Lee,mewho,1
Lee,measureSasuke,1
Lee,meanShino,1
Lee,him,1
Lee,gettingRokusuke,1
Humph,Kunoichi,1
Humph,Kunihisa,1
Humph,Komei,1
Humph,Kisame,1
Humph,Kin,1
Humph,Kiba,1
Humph,Jutsuthat,1
Ma,Zu,1
Ma,Sagi,1
Lightning,whenKarashi,1
Lightning,thatHizashi,1
Lightning,Tyson,1
Lightning,Sansho,1
Lightning,Neji,1
Lightning,Naruto,1
Humph,Shino,1
Hoshikage,Shisou,1
Hoshikage,Narutowith,1
Hoshikage,Kujakubeing,1
Hokuto,star,1
Hokuto,leaveSumaru,1
Mangekyo,Uchihawho,1
Mangekyo,Narutowould,1
Humph,Jiraiya,1
Humph,Idate,1
Hotarubi,Neji,1
Hoshikageof,Sumaru,1
Hoshikageand,Natsuhi,1
Hoshikage,star,1
Hoshikage,Yotaka,1
Humph,Ninja,1
Humph,Kurenai,1
Hokuto,Ninja,1
Hokuto,Neji,1
Hokuto,Kunai,1
Hokuto,Hoshikage,1
Hokushin,The,1
Hokushin,Sagitook,1
Hokushin,Naruto,1
Hokushin,Kakashi,1
Hoko,Seimei,1
McCoy,Tsunadehas,1
McCoy,Sagi,1
McCoy,Neji,1
Matsuri,Shikamaru,1
Matsuri,Seimei,1
Matsuri,Sakura,1
Hoshikage,Tsunade,1
Hoki,Owashiand,1
Hoki,McCoy,1
Hoki,Leaf,1
Hoki,Komei,1
Hokagewas,Naruto,1
Hokagein,Toad,1
Mi,Sakura,1
Menmalike,Naruto,1
Menma.lf,Shikamaru,1
Menma.lf,Sasuke,1
Menma.lf,Orochimaruonce,1
Menma,Shizune,1
Menma,Sakura,1
Menma,Rasengan,1
Hokuto,Shadow,1
Hokuto,Rogue,1
Missus,Naruto?!Cha,1
Misogi,Shino,1
Milady,The,1
Might,methat,1
Might,Tsunade,1
Might,Naruto,1
Michizo,Sazanami,1
Mi,uma,1
Mi,tori,1
Mi,tatsu,1
Mi,ne,1
Mi,Sharingan,1
Mi,Sasuke,1
Hoki,mewas,1
Hoki,a,1
Hoki,Sasuke,1
Hokage,andOrochimaru,1
Hokage,Tsunadehas,1
Hokage,Sis,1
Hokage,Shisui,1
Hokageall,Ibiki,1
Hokage,whatKazekage,1
Hokage,usto,1
Hokage,meto,1
Hokage,melike,1
Hokage,lruka,1
Hokage,lnari,1
Hokage,guardingTazuna,1
Hokage,copiesZabuza,1
Mizuki,Mizukibecause,1
Mizukage,Zabuza,1
Missus,Sakura,1
Mizuki,lt,1
Mizuki,lruka,1
Mizuki,a,1
Hokage,Shino,1
Hokage,Sharingan,1
Hokage,Second,1
Hokage,Saru,1
Hokage,Rogue,1
Hokage,Roger,1
Hokage,Rasengan,1
Hokage,Raijin,1
Mizuki,Transform,1
Mizuki,The,1
Mizuki,Shadow,1
Mizuki,Sannin,1
Hokage,controland,1
Hokage,Poccha,1
Hokage,Pervy,1
Hokage,Pakkun,1
Hokage,Ninjasso,1
Hokage,Natsuhiboshi,1
Hokage,Narutoto,1
Hokage,Mondai,1
Hokage,McCoy,1
Hokage,Mark,1
Mizukiand,Tsubaki,1
Mizukiand,Shizune,1
Mizukiand,Sasuke,1
Mizukiand,Orochimarujust,1
Mizukiand,Naruto,1
Mizuki,tolruka,1
Mizuki,ofOrochimaru,1
Hizashi,the,1
Hizashi,Ninja,1
Hizashi,Mark,1
Hizashi,Leaf,1
Hokage,Kamizuru,1
Hokage,Kages,1
Hokage,Kabuto,1
Hokage,K-Kakashi,1
Hokage,Jonin,1
Mizura,The,1
Mizura,Shadow,1
Mizura,Roger,1
Mizura,Neji,1
Mizura,Natsuhi,1
Mizukibecause,Raijin,1
Mizukibecause,Naruto,1
Morino,Shinobi,1
Morino,Omasa,1
Monju,–Gantetsu.,1
Hitsuji,the,1
Hitsuji,The,1
Monju,Shura,1
Moegi?Pull,Ninja,1
Moegi,–,1
Moegi,Ninja,1
Moegi,Moegi?Pull,1
Mm,Ranmaru,1
Mm,Raiga,1
Mm,Neji,1
Hokage,Izumo,1
Hokage,Itachi,1
Hokage,Hokagewas,1
Moso,Sharingan,1
Moso,Sand,1
Hitsuji,Leaf,1
Hitode,Narutois,1
Hitode,Naruto,1
Hitode,Itachi,1
Hinatawould,andShino,1
Hinatawould,Sasuke,1
Hinatawith,–,1
Hinatawill,andShino,1
Hinataunder,Kibaand,1
Hinataunder,Hyuga,1
Hinatas,Kiba,1
Moso,Ninjafrom,1
Moso,Ninja,1
Morino,ldate,1
My,Neji,1
Murakumoof,Tsunade,1
Murakumoand,Murakumoof,1
Murakumo,Yakumoto,1
Murakumo,Unkai,1
Murakumo,Shinobi,1
Murakumo,Shino,1
Murakumo,Sensei,1
Mubi,Sasuke,1
Mubi,Sakura,1
Mosowho,the,1
Mosowho,Tsurucho,1
Moso,mole,1
Moso,methe,1
Moso,a,1
Moso,Shuriken,1
Hinatas,Hinatawith,1
Hinataof,head,1
Hinataof,branch,1
Hinataof,Neji,1
Hinataof,My,1
Hinataever,andShino,1
Hinataever,Hinatawould,1
Hinataever,Hinatawill,1
Hinataare,Shikamaru,1
Hinataand,the,1
Hinataand,Yurinojou,1
Hinataand,The,1
Hinataand,Shino,1
NARUTO,Sakura,1
My,head,1
My,branch,1
Hinata,by,1
Hinata,Yakumoto,1
Hinata,Unkai,1
Hinata,Tsunadeto,1
Hinataand,Misogi,1
Hinataand,Janin,1
Hinata,theHyuga,1
Hinata,removingKurenai,1
Hinata,ofSasuke,1
Hinata,locateSasuke,1
Naruto,Narutois,1
Naruto,Narutoall,1
Nara,Tsubaki,1
Nara,Naruto,1
Nanafushiimmediately,Naruto,1
Nanafushi,roger,1
Hinata,Tokichiis,1
Hinata,That,1
Hinata,Shizune,1
Hinata,Shinoas,1
Hinata,Sharingan,1
Hinata,Sensei,1
Naruto,North,1
Naruto,Ninjasso,1
Naruto,Ninjabe,1
Naruto,Nejito,1
Naruto,Nejiin,1
Naruto,Nawaki,1
Hinata,isKurenai,1
Hinata,insideYakumo,1
Hinata,himselfTokichi,1
Hinata,head,1
Hidden,Natsuhi,1
Hidden,Narutowith,1
Hidden,Kujakubeing,1
Hidden,Hoshikage,1
Hiashi,Yogabut,1
Naruto,Orochimaruonce,1
Naruto,Orochimarumight,1
Naruto,Orochimarujust,1
Naruto,Ocarina,1
Hinata,Kurobachi,1
Hinata,Kikunojouwill,1
Hinata,Kankuro,1
Hinata,Jutsu,1
Hinata,Jonin,1
Hinata,Ninjabe,1
Hinata,Murakumo,1
Hayate,Roger,1
Hayate,Ole,1
Hayate,Naruto,1
Hiashi,Sanchez,1
Hiashi,Ole,1
Hiashi,Mark,1
Hiashi,Kiba,1
Hiashi,Hinatawith,1
Hayate,and,1
Hayate,Yogabut,1
Naruto,Rasenganbefore,1
Naruto,Postman,1
Naruto,Pops,1
Naruto,Pocha,1
Naruto,Paradise,1
Hidden,The,1
Hayate,Ino,1
Hatake,Ninja,1
Harutaro,Yagura,1
Harunato,by,1
Harunato,Jutsu,1
Harunato,Hinata,1
Haruna,sureto,1
Naruto,Sakur--,1
Naruto,Sagitook,1
Naruto,Ryuko,1
Naruto,Ryudoin,1
Naruto,Renga,1
Hayate,Tyson,1
Hayate,The,1
Hayate,Sensei,1
Hayate,Sanchez,1
Harem,the,1
Harem,Transform,1
Harem,Kakashi,1
Hanzakior,toOrochimaru,1
Hanzakior,aboutOrochimaru,1
Hanzakior,Sasuke,1
Hanzakior,Sakura,1
Hanzakior,Pervy,1
Hanzakior,Orochimaru,1
Naruto,Sea,1
Naruto,Sasukewas,1
Naruto,Sasukeis,1
Naruto,Sasukedrove,1
Haruna,Shadow,1
Haruna,Ruiga,1
Haruna,Renga,1
Hana,Shino,1
Hana,Sakura,1
Haku,mealong,1
Haku,Uzumaki,1
Haku,The,1
Naruto,Shisui,1
Naruto,Shinobileft,1
Naruto,Shinoas,1
Naruto,Shikamaruand,1
Naruto,Shikaku,1
Naruto,Seimei,1
Hanzaki,aboutOrochimaru,1
Hanzaki,Sasamesee,1
Hanzaki,Naruto,1
Hanabi,Naruto,1
Haruna,Janin,1
Guy,tim,1
Guy,sealedYakumo,1
Haku,Sensei,1
Haku,Naruto!lt,1
Haku,Mommy,1
Haku,Kimimaro?Get,1
Haku,K-Kakashi,1
Hakkaku,ramen,1
Hakkaku,meto,1
Hakkaku,The,1
Hakkaku,Ryonin,1
Naruto,Tamaya,1
Naruto,Sitting,1
Naruto,Shun,1
Naruto,Shukaku,1
Hana,Tsunade,1
Guy,Raido,1
Guy,Orochimaru,1
Guy,Oli,1
Guy,Nejito,1
Guy,Uchihaand,1
Guy,Uchiha,1
Guy,Tsunadeand,1
Naruto,Tsunadeand,1
Naruto,Tsukuyomi,1
Naruto,Tracker,1
Naruto,Tobei,1
Hakkaku,Ichiraku,1
Guyand,Yagurathat,1
Guyand,Sakura,1
Guyand,Lee,1
Guy,upeven,1
Granny,Sumaru,1
Granny,Shadow,1
Granny,Neji,1
Grandson,Naruto,1
Guy,Murakumoand,1
Guy,Leeas,1
Guy,Kanpachifrom,1
Guy,Kabuto,1
Naruto,Yagurathat,1
Naruto,Wasabi,1
Naruto,Wagarashi,1
Naruto,Unkai,1
Naruto,Tsunadeto,1
Guy,Ryudoin,1
Guy,Rokkaku,1
Guy,Ranmaru,1
Naruto,andSasuke,1
Grandpa,andSasuke,1
Grandpa,The,1
Grandpa,Kakashi,1
Grandma,Naruto,1
Grandma,Hinata,1
Grandfather,Orochimaru,1
Naruto,and,1
Naruto,alsoSasuke,1
Naruto,Yashamaru,1
Guy,Jiraiya,1
Guy,Jako,1
Guy,Itachi!And,1
Guy,Itachi,1
Guy,Iruka,1
Guy,Harutaro,1
Gon,Todoroki,1
Giichi,The,1
Giichi,Naruto,1
Giichi,Mommy,1
Grandfather,Hokage,1
Grandfather,Hinata,1
Gosunkugiwith,Naruto,1
Gosunkugi,Tokichishall,1
Gosunkugi,Shino,1
Naruto,dangerousto,1
Naruto,d,1
Naruto,controland,1
Naruto,bro,1
Naruto,bringSasuke,1
Naruto,anyonewho,1
Naruto,andhe,1
Giichi,Grampa,1
Gensho,Rokkaku,1
Gensho,Jako,1
Gensho,Guy,1
Genno,Shino,1
Naruto,isNaruto,1
Naruto,isManda,1
Naruto,haveramen,1
Naruto,gettingRokusuke,1
Naruto,fightSasuke,1
Naruto,fatso,1
Naruto,everyonethan,1
Gosunkugi,Misogi,1
Gosunkugi,Hinataand,1
Gosa,Kiba,1
Gonta,Konohamaru,1
Naruto,personto,1
Naruto,ofOrochimaru,1
Genno,Kiba,1
Genno,Kakashi,1
Genno,Ino,1
Gennin,abouthis,1
Gennin,Tsunade,1
Gennin,Genno,1
Genma,whatKazekage,1
Naruto,ofJonin,1
Naruto,mole,1
Naruto,mewith,1
Naruto,measureSasuke,1
Naruto,madeYakumo,1
Naruto,lt,1
Naruto,killedlruka,1
Naruto,this,1
Genma,Rock,1
Genma,Jutsu,1
Genma,Hokage,1
Genma,Guy,1
Genjutsuto,Hinata,1
Genjutsuto,Genno,1
Genjutsu,madeYakumo,1
Genjutsu,d,1
Genjutsu,Sasuke,1
Genjutsu,Owwee,1
Naruto,theseChunin,1
Naruto,thatMenma,1
Naruto,thatGenno,1
Naruto,removingKurenai,1
Naruto,reallyOrochimaru,1
Narutois,Orochimaru,1
Narutoin,thatltachi,1
Narutoin,Sasuke,1
Narutoall,Shino,1
Naruto?!Cha,isSasuke,1
Naruto?!Cha,Sakura,1
Naruto!lt,Zabuza,1
Naruto!lt,Sakura,1
Naruto,whereKakashi,1
Naruto,whenKarashi,1
Naruto,whatNeji,1
Naruto,we,1
Naruto,underGaara,1
Naruto,tolruka,1
Naruto,toNaruto,1
Naruto,tim,1
Genjutsu,Kurenai,1
Genjutsu,Iron,1
Genjutsu,I,1
Genjutsu,Humph,1
Genins,Iruka,1
Genins,Hokage,1
Genin,ofSasuke,1
Genin,locateSasuke,1
Genin,controland,1
Genin,becomeHokage,1
Genin,Uchiha,1
Narutoto,isAkamaru,1
Narutoto,Transform,1
Narutothink,jonin,1
Narutos,jonin,1
Narutos,Narutothink,1
Genin,Shinoas,1
Genin,Shino,1
Genin,Shikamarugave,1
Genin,Sharingan,1
Genin,Ninja,1
Genin,Mark,1
Genin,Kunihisa,1
Natsuhi,Shisou,1
Natsuhi,Rasengan,1
Narutowould,aboutNaruto,1
Narutowould,Sakura,1
Narutowith,The,1
Narutowill,Sasuke,1
Narutowill,Ninja,1
Narutowhat,Sasuke,1
Narutotry,–,1
Gatô,Inari,1
Gatô,Grampa,1
Genin,Konohamaru,1
Genin,Kiba,1
Genin,Kekkei,1
Genin,Jiraiya,1
Genin,Humph,1
Genin,Hizashi,1
Gekko,Sound,1
Nawaki,Pervy,1
Nawaki,Orochimaru,1
Natsuhiboshi,Tenten,1
Natsuhiboshi,Neji,1
Natsuhi,star,1
Natsuhi,Yotaka,1
Natsuhi,Tsunade,1
Neji,Nejiin,1
Gatô,Giichi,1
Gato,lnari,1
Gato,copiesZabuza,1
Gato,Uchiha,1
Gato,Sasuke,1
Ne,Sharingan,1
Gekko,Sasuke,1
Gekko,Orochimaruis,1
Gekko,Kabuto,1
Gatô,Zabuza,1
Gatô,The,1
Gatô,Tazuna,1
Gatô,Sharingan,1
Gatô,Mommy,1
Gatô,Mizukage,1
Gantetsu,fromSakura,1
Gantetsu,Tsuzumi,1
Gantetsu,Shinobi,1
Gantetsu,Roger,1
Gato,Mizukage,1
Gantetsusafely,Ninja,1
Gantetsusafely,Naruto,1
Gantetsuone,–Gantetsu.,1
Gantetsuis,the,1
Gantetsuand,Todoroki,1
Gantetsuand,The,1
Gantetsu,personto,1
Neji,Roger,1
Neji,Rock,1
Neji,Ran,1
Neji,Nejito,1
Gantetsu,Gantetsusafely,1
Gantetsu,Gantetsuand,1
Gantesu,Shinobi,1
Gantesu,Sakura,1
Gantesu,Rock,1
Gantesu,Naruto,1
Gantesu,Gantetsu,1
Gamatatsu,The,1
Gamatatsu,Naruto,1
Neji,Shikaku,1
Neji,Sensei,1
Neji,Seimei,1
Neji,Sand,1
Neji,Sakurawith,1
Neji,Rogue,1
Gantetsu,getTodoroki,1
Gamakichi,Sasuke,1
Gamakichi,Sakura,1
Gamakichi,Sagi,1
Gamakichi,Moso,1
Gamakichi,Kabuto,1
Gamabunta,Tyson,1
Gamabunta,Toad,1
Gamabunta,Temari,1
Neji,andNeji,1
Neji,aboutKarashi,1
Neji,Zaku,1
Neji,Yagurathat,1
Neji,Tyson,1
Neji,Tsunadehas,1
Neji,Shizune,1
Gantetsu,Gantetsuto,1
Nejito,Tenten,1
Nejithat,thatNeji,1
Nejithat,Shikamaru,1
Nejithat,Sakura,1
Nejior,fatso,1
Neji,tim,1
Neji,theHyuga,1
Neji,thatGenno,1
Neji,right?Menma,1
Neji,on,1
Neji,lt,1
Neji,isSasuke,1
Neji,head,1
Neji,branch,1
Neji,bob,1
Gamakichi,The,1
Ninja,Palm,1
Gama,Toad,1
Gama,Gamabunta,1
Gaarawas,Temari,1
Gaarawas,Kankuro,1
Gaaraof,thatNeji,1
Gaaraof,Shikamaru,1
Gaaraof,Sakura,1
Gaaraof,Lee,1
Gaarajust,Temari,1
Gaarajust,Shizune,1
Ninja,Orochimaruwant,1
Nine-Tailed,Shizune,1
Nine,meto,1
Nine,Sasuke,1
Nine,Sakura,1
Ninja,Tenten,1
Gaarajust,Sasuke,1
Gaarajust,Kankuro,1
Gaarajust,Humph,1
Gaaraget,sandKakashi,1
Gaaraget,Kakashi,1
Gaarafrom,Seimei,1
Gaarafrom,Hoko,1
Gaaraand,Sasukemaster,1
Gaara's,Lee,1
Gaara,willKimimaro,1
Ninja,Sannin,1
Ninja,Rasengen,1
Ninja,Rasengan,1
Ninja,Proctor,1
Ninja,Pervy,1
Gaara,thatSasuke,1
Gaara,thatNeji,1
Gaara,on,1
Gaara,measureSasuke,1
Gaara,meanShino,1
Gaara,andNeji,1
Gaara,Vendetta,1
Gaara,Uzumaki,1
Ninja,meon,1
Ninja,in,1
Ninja,a-Ninja,1
Ninja,Wagarashi,1
Ninja,Uchiha,1
Ninja,Transform,1
Ninja,Todoroki,1
Ninja,Teuchi,1
Obito,Shinobi,1
Obito,Sasuke,1
Ninjas,This,1
Ninjas,Tazuna,1
Gaara,Tenten,1
Gaara,Shizune,1
Gaara,Shinobi,1
Ninjas,Sakura,1
Ninjareally,Tsunade,1
Ninjareally,Tsubaki,1
Ninjareally,Orochimaru,1
Ninja,–,1
Ninja,upeven,1
Ninja,thatSasuke,1
Ninja,ramen,1
Gaara,whereKakashi,1
Gaara,Menma,1
Gaara,Leaffor,1
Gaara,Konohamaru,1
Gaara,Kazekage!What,1
Gaara,Sensei,1
Gaara,Sasukewhile,1
Gaara,Ru,1
Gaara,Pop,1
Gaara,Nejithat,1
Ole,Orochimaru,1
Old,Tsunade,1
Old,This,1
Old,Sannin,1
Old,Pervy,1
Obito,myselffor,1
Obito,The,1
G-Guy?,Kurenai,1
G-Guy?,Guy,1
Gaara,Kabuto,1
Gaara,Kabuki,1
Gaara,Jin,1
Gaara,Ibiki,1
Gaara,Hoko,1
Onbaa,Onbu,1
Oli,the,1
Oli,Tsunadeand,1
Oli,The,1
Oli,Sarutobi,1
Oli,Sakura,1
Oli,Omasa,1
Ole,head,1
Ole,Temari,1
G-Guy,Ninja,1
G-Guy,Naruto,1
G-Guy,Lee,1
Fuuma,a,1
Fuuma,Sasuke,1
Futa,Hokage,1
Orochimaru,Orochimaruare,1
Orochimaru,Orochimaru!Put,1
Onbu,Shadow,1
Onbaa,sureto,1
Gaara,Hinataare,1
Gaara,Gaaraof,1
Gaara,Gaarafrom,1
Gaara,Gaaraand,1
GAI,–,1
GAI,ZABUSA,1
Fukusuke,ldate,1
Fukusuke,Oli,1
Fukusuke,Ninja,1
Fukusuke,Naruto,1
Fukusuke,Morino,1
Fukusuke,Humph,1
Fuku,Pervy,1
Fuku,Naruto,1
Fuki,thatMenma,1
Fuki,Rogue,1
Orochimaru,Sand,1
Orochimaru,Sanchez,1
Orochimaru,Sakon,1
Orochimaru,Sagi,1
Orochimaru,Rock,1
G-Guy,Tsunade,1
Fourth,Natsuhi,1
Fourth,Naruto,1
Fourth,Jutsuthat,1
Fourth,Jiraiya,1
Fourth,Humph,1
Fourth,Hokuto,1
Orochimaru,Shinobiin,1
Orochimaru,Shino,1
Orochimaru,Sharingan,1
Orochimaru,Sanninas,1
Fuki,Neji,1
Fuki,Menma,1
Fujin,The,1
Fujin,Naruto,1
Fujin,Mizukibecause,1
Fujin,Iruka,1
First,Shinobi,1
First,Sarutobi,1
Fifth,Shikamaru,1
Fifth,Rock,1
Fifth,Raido,1
Fifth,Ninja,1
Fifth,Jutsu,1
Fifth,Guy,1
Orochimaru,Yogabut,1
Orochimaru,Uchiha,1
Orochimaru,Transform,1
Fujin,Hokage,1
Fourth,star,1
Fourth,Tsunade,1
Fourth,The,1
Fourth,Oli,1
Orochimaru,takeSasuke,1
Orochimaru,protectingOrochimaru,1
Orochimaru,outPervy,1
Fifth,Genma,1
Fever,Sitting,1
Fatty,Sasuke,1
Fatty,Iruka,1
Fatty,Ino,1
Fatso,Ninja,1
Farewell,Rasengan,1
Fang,Shinemon,1
Orochimaru,norKidomaru,1
Orochimaru,melike,1
Orochimaru,letOrochimaru,1
Orochimaru,in,1
Orochimaru,forgottenOrochimaru,1
Ebisu,Orochimaru,1
Ebisu,Mizuki,1
Ebisu,Kakashi,1
Fang,Leaf,1
Fang,Kiba,1
Fang,Gosa,1
FATSO~,thoughtChoji,1
FATSO~,Sakura,1
Enma,Shadow,1
Enma,Saru,1
Orochimaru,withNaruto,1
Orochimaru,whereSasuke,1
Orochimaru,whereKakashi,1
Orochimaru,tolsaribi,1
Orochimaru,this,1
Orochimaru,thatTsunade,1
Orochimarujust,Shizune,1
Orochimarujust,Sasuke,1
Orochimaruis,us,1
Orochimaruis,Zaku,1
Orochimaruis,Uchiha,1
Orochimaruever,Sasuke,1
Orochimaruduring,the,1
Orochimaruduring,Sakura,1
Orochimaruduring,Sakon,1
Orochimaruand,Sasukeback,1
Orochimaruand,Sasame,1
Orochimaru!What,getlsaribi,1
Orochimaru!What,Orochimaruwas,1
Ebisu,meto,1
Ebisu,Transform,1
Ebisu,Pervy,1
Dozaemon,Naruto,1
Doubtless,Lee,1
Doubtless,Ibiki,1
Dosu,Zaku,1
Dosu,Yogabut,1
Dosu,Tyson,1
Dosu,Shikamaru,1
Dosu,Sanchez,1
Orochimaruto,–,1
Orochimaruto,meto,1
Orochimaruto,isManda,1
Orochimaruto,Shizune,1
Orochimaruto,Sakura,1
Orochimaruonce,Shikamaru,1
Orochimaruonce,Sasuke,1
Orochimarujust,Tsubaki,1
Owashiand,Sagitook,1
Owashi,methe,1
Owashi,bro,1
Owashi,Tsunade,1
Owashi,Tenten,1
Owashi,Sasuke,1
Orochimaruwas,getlsaribi,1
Orochimaruwant,meon,1
Orochimaruwant,Tsunade,1
Orochimaruwant,Sasuke,1
Orochimaruwant,Pervy,1
Orochimarutruly,Tayuya,1
Duck,the,1
Duck,Tsunade,1
Duck,Sitting,1
Duck,Jutsuto,1
PLACECHOJI,thoughtChoji,1
PLACECHOJI,Sakura,1
Owwee,Sasuke,1
Dosu,Orochimaru,1
Dosu,Ole,1
Dosu,Naruto,1
Dosu,Kazekage,1
Dong,Shino,1
Dong,Mai,1
Dojo,thatBushy,1
Dojo,roger,1
Dojo,Shikamaru,1
Dojo,Sensei,1
Owashisearching,Sagiwas,1
Owashisearching,Sagiby,1
Owashiand,mewas,1
Pervy,Raiga,1
Pervert,Pervy,1
Perfect,Sand,1
Dojo,G-Guy?,1
Dodge,Rasengan,1
Dodge,Hinata,1
Ding,ding-dong-ding,1
Ding,Shino,1
Ding,Dong,1
Demon,methe,1
Demon,Sharingan,1
Demon,Sasukeusing,1
Demon,Kekkei,1
Paradise,Tsunade,1
Palm,Shikamaru,1
Pa,Sakura,1
Demon,Kakashi,1
Demon,Jutsuthat,1
Demon,Genin,1
Dawn,Sasuke,1
Dawn,Sakura,1
Dawn,Mubi,1
Daruto,Kunihisa,1
Darudo,Kunihisa,1
Dan,Pervy,1
Pervy,Sasukewhile,1
Pervy,Sasuketo,1
Pervy,Sasamesee,1
Pervy,Sage,1
Pervy,Rogue,1
Pervy,Rasengen,1
Pervy,Rasengan,1
Pervy,toOrochimaru,1
Pervy,this,1
Pervy,that,1
Pervy,sonny,1
Pervy,peekingand,1
Pervy,on,1
Pervy,in,1
Pervy,eitherOrochimaru,1
Pervy,afterSasuke,1
Pervy,Uchiha,1
Pervy,Tsunadea,1
Pervy,Tsunade's,1
Pervy,Tsukuyomi,1
Pervy,Sitting,1
Pervy,Shinobi,1
Pervy,Sharingan,1
Raido,Shizune,1
Raido,Shikamaru,1
Raido,Sasuke,1
Raido,Rock,1
Dan,Naruto,1
Dan,Kabuto,1
Daimyo,Shikamaru,1
Daimyo,Hyuga,1
C’m,andOrochimaru,1
C’m,Pervy,1
Cursed,That,1
Cursed,Shuriken,1
Cursed,Naruto,1
Proctor,on,1
Pop,Uzumaki,1
Pervy,–,1
Raiga,The,1
Crystal,Sasuke,1
Crystal,Sakura,1
Crystal,Kakashi,1
Crow,that,1
Crow,Sasuke,1
Crow,Lee,1
Crow,Konohamaru,1
Crow,Kakashi,1
Crow,Jonin,1
Crow,Iron,1
Cricket,usto,1
Cricket,tim,1
Raiga,Tenten,1
Raiga,Sanshowas,1
Raiga,Rock,1
Chunin,Temari,1
Chunin,Tazuna,1
Chunin,Shinobifrom,1
Chunin,Shino,1
Cricket,mewith,1
Cricket,Shino,1
Cricket,Shikamaru,1
Cricket,Orochimarumight,1
Cricket,Neji,1
Cricket,Kiba,1
Chunins,worthy,1
Chunin,whomMurakumo,1
Ran,Rogue,1
Raijin,Tsunades,1
Raijin,The,1
Raiga,aboutKarashi,1
Rasengan,deliverGantetsu,1
Chunin,Shikamarugave,1
Chunin,Sarutobi,1
Chunin,Orochimaruare,1
Chunin,Ninja,1
Chunin,Narutowill,1
Rasengan,Tunneling,1
Rasengan,Sakuraare,1
Rasengan,Sakon,1
Ranmaruto,Ranmaruwho,1
Ranmaru,whenKarashi,1
Ranmaru,Zabuza,1
Chunin,thatSasuke,1
Chunin,ofYakumo,1
Chunin,head,1
Chunin,Uchiha,1
Rock,Todoroki,1
Rock,The,1
Rock,Shinobi,1
Rock,Sensei,1
Chunin,Kamizuru,1
Chunin,Itachicome,1
Chunin,Iruka,1
Rock,Sanshowas,1
Rock,Sansho,1
Rock,Sand,1
Rock,Roger,1
Renga,Yurinojou,1
Renga,Ruiga,1
Rasenganbefore,Shikamaru,1
Rasengan,usto,1
Rasengan,idiotsJirobo,1
Chunin,Hinataunder,1
Chunin,Grandfather,1
Chunin,Gekko,1
Chunin,Crow,1
Chunin,Chunins,1
Chojiand,Shikamaru,1
Chojiand,Sensei,1
Chojiand,Sakura,1
Chojiand,Pakkun,1
Roger,Shinobi,1
Roger,Sakura,1
Roger,Rogue,1
Rock,–,1
Rock,the,1
Rock,Yakumo,1
Rock,Tsuzumi,1
Choji,usto,1
Choji,thatGenno,1
Choji,thatBushy,1
Choji,mewho,1
Choji,meanShino,1
Choji,dangerousto,1
Rokusuke,gettingRokusuke,1
Rogue,Tracker,1
Rogue,Sumaru,1
Rogue,Sasuke,1
Rogue,Sannin,1
Roger,the,1
Roger,aboutSasuke,1
Roger,Tsuzumi,1
Roger,Tsunade,1
Roger,The,1
Choji,and,1
Choji,ZABUSA,1
Choji,Yurinojou!Kikunojou,1
Choji,Trapper,1
Choji,Tenten,1
Choji,Shizune,1
Choji,Shinobi,1
Ryudoin,mewith,1
Ryoninor,the,1
Ryoninor,The,1
Ryoninor,Teuchi,1
Ryoninor,Shinobi,1
Ruigaand,Yurinojou,1
Ruiga,sureto,1
Chojiand,Naruto,1
Chojiand,Gaara,1
Choji,Narutoto,1
Choji,Leaf,1
Choji,Kinuta,1
Choji,Kikunojouwill,1
Choji,Shadow,1
Choji,Sannin,1
Choji,Ryoninor,1
Choji,Ruigaand,1
Choji,Ruiga,1
Choji,Rasengen,1
Choji,Rasenganbefore,1
Choji,Pervy,1
Choji,Ninjabe,1
Sage,toOrochimaru,1
S-Silen,Zabuza,1
S-Silen,Sensei,1
Choji,Crow,1
Chishimawho,Tenten,1
Choji,KAKASHI,1
Choji,Janinand,1
Choji,Intense,1
Choji,Hinataand,1
Choji,Hayate,1
Sagitook,Sagiwas,1
Sagidoes,Toki,1
Sagiby,Toki,1
Sagiby,Sagiwho,1
Sagiby,Sagiwas,1
Sagiby,Sagitook,1
Sagi,mewas,1
Sagi,isShikamaru,1
Sagi,bro,1
Chishimawho,Kakashi,1
Chishima,isShikamaru,1
Chishima,andhe,1
Chishima,Yakitori,1
Chishima,Sasuke,1
Sakon,fightSasuke,1
Sakon,fatso,1
Sakon,correctsTayuya,1
Sakon,Tunneling,1
Sakon,Sakura,1
Sagiwas,Toki,1
Sagiwas,Sagiwho,1
Sagitook,The,1
Choji,Gaara,1
Choji,Fatty,1
Choji,Dojo,1
Chishima,Ninja,1
Chishima,Land,1
Chishima,Chishimawho,1
Chikarafrom,Ino,1
Chikara,Fuku,1
Sakura,Shadow,1
Sakura,Seimei,1
Sakura,Sasukewhile,1
Sakura,Sarutobi,1
Sakura,Sakurain,1
Sakon,the,1
Chishimawho,Ninja,1
Chishimawho,Neji,1
Chishimawho,Moso,1
Chishimawho,Land,1
Chishimawho,Komei,1
Chidori,Sannin,1
Chidori,PLACECHOJI,1
Chidori,Orochimaru,1
Chidori,Neji,1
Chief,the,1
Chief,Tsunade,1
Chief,Shino,1
Chief,Shadow,1
Chief,Ino,1
Chief,Humph,1
Chidorito,Rasengan,1
Sakura,Todorokiis,1
Sakura,Teuchi,1
Sakura,Shura,1
Sakura,Shikamaruand,1
Chishima,Ninjafrom,1
Chidori,Kankuro,1
Chidori,JIROBO,1
Chidori,FATSO~,1
Chidori,Chidorito,1
Chichiyasu,Tsunade,1
Chichiyasu,Naruto,1
Sakura,Yakumoout,1
Sakura,Yagurathat,1
Sakura,Wagarashi,1
Sakura,Vanished,1
Sakura,Tunneling,1
Sakura,Tsunadea,1
Chidori,~FATSO,1
Chidori,the,1
Chidori,takeSasuke,1
Chidori,Sharingan,1
Sakura,saru,1
Sakura,rabbit,1
Sakura,protectingOrochimaru,1
Sakura,powersYakumo,1
Sakura,ofYakumo,1
Sakura,mewith,1
Sakura,meto,1
Sakura,measureSasuke,1
Sakura,me,1
Sakura,lno,1
Sakura,hitsuji,1
Sakura,fightSasuke,1
Sakura,andNaruto,1
Sakura,aboutOrochimaru,1
Sakura,aboutNaruto,1
Sakura,Yashamaru,1
Sakura,tim,1
Sakura,thoughtChoji,1
Sakura,thatNeji,1
Charka,Gamabunta,1
Chakrayou,fatso,1
Chakrayou,The,1
Chakrayou,Choji,1
Chakras,Sensei,1
Chakras,Lee,1
Chakras,Hinata,1
Chakrain,Orochimaru,1
Chakrahe,Uma,1
Chakrahe,Tori,1
Sakura,tatsu,1
Sakura,sonny,1
Sakura,sealedYakumo,1
Chakrahe,Leaf,1
Chakrahe,Inu,1
Chakrahe,Hitsuji,1
Chakraeven,Sasuke,1
Chakraeven,Ninja,1
Chakra,–,1
Chakra,Tenten,1
Chakra,Seimei,1
Chakra,Orochimaru,1
Sakura,~FATSO,1
Sakura,whereKakashi,1
Sakura,wasYuhi,1
Sakura,ushi,1
Sakura,uma,1
Sakura,tori,1
Sakura,toOrochimaru,1
Sanninas,Sasuke,1
Sannin,the,1
Sannin,The,1
Sannin,Shizune,1
Sannin,Sarutobi,1
Sand,–,1
Sand,me,1
Sand,interceptedTenten,1
Sand,Sharingan,1
Sand,Sarutobi,1
Sanchez,head,1
Sanchez,Temari,1
Sanchez,Sasuke,1
Sakurawith,Shikamaru,1
Chakrahe,Ne,1
Chakrahe,Mi,1
Byakuganor,Hinata,1
Byakuganor,Genno,1
Byakuganor,Choji,1
Byakuganat,Rasengan,1
Chakra,Natsuhi,1
Chakra,Lee,1
Chakra,Kunoichi,1
Chakra,Kujaku,1
Chakra,Kankuro,1
Chakra,Kakashi,1
Chakra,Hokage,1
Chakra,Chidori,1
Saru,Shadow,1
Saru,Second,1
Sansho,whenKarashi,1
Sansho,Sanshowas,1
Byakuganand,Choji,1
Byakugan,–,1
Byakugan,whenKarashi,1
Byakugan,my,1
Byakugan,isKurenai,1
Byakugan,insideYakumo,1
Byakugan,head,1
Sarutobi,Transform,1
Sarutobi,Shadow,1
Saru,the,1
Saru,The,1
Cha,Haku,1
CHOJI,thanNaruto,1
Byakuganor,Ninja,1
Byakuganor,Kiba,1
Byakuganor,Ino,1
Byakugan,Sasukeback,1
Byakugan,Raiga,1
Byakugan,Moso,1
Byakugan,Menma,1
Byakugan,Matsuri,1
Sasuke,Sasuke!Kabuto,1
Sasamesee,toOrochimaru,1
Byakugan,andKurenai,1
Byakugan,Tyson,1
Byakugan,Tunneling,1
Byakugan,Tenten,1
Byakugan,Suzumebachi,1
Byakugan,Shadow,1
Byakuganand,Rasenganbefore,1
Byakuganand,Rasengan,1
Byakuganand,Hinata,1
Byakugan,Genin,1
Byakugan,Fang,1
Byakugan,Byakuganand,1
Bushy-Brow’s,Sharingan,1
Bushy-Brow’s,Sasukeusing,1
Bushy-Brow’s,Kakashi,1
Bushy-Brow’s,Genin,1
Bushy-Brow’s,Demon,1
Sasuke,Shinoas,1
Sasuke,Shark,1
Sasuke,Sasukeon,1
Byakugan,Komeihas,1
Byakugan,K-Kurenai,1
Byakugan,Ino-Shika-Cho,1
Byakugan,Hyuga,1
Byakugan,Hanabi,1
Sasuke,Tora,1
Bushy-Brows,the,1
Bushy-Brows,getTodoroki,1
Bushy-Brows,Todoroki,1
Bushy-Brows,Gaara,1
Bushy-Brows,Bushy-Brows’,1
Bushy-Brow's,Uchiha,1
Bushy-Brow's,The,1
Bushy-Brow's,Sharingan,1
Bushy-Brow's,Lee,1
Bushy-Brow,Sasukedrove,1
Bushy-Brow,Sakura,1
Sasuke,This,1
Sasuke,That,1
Sasuke,Suzumebachi,1
Sasuke,Shinobifrom,1
Bushy,Rokusuke,1
Bushy,Rokkaku,1
Bushy,Ranmaru,1
Bushy,Ninja,1
Bushy,usto,1
Bushy,the,1
Bushy,meto,1
Bushy,Tsuzumi,1
Bushy,Todoroki,1
Bushy,Shinobi,1
Sasuke,Uchihaand,1
Sasuke,U,1
Sasuke,Tyson,1
Sasuke,Tsurugi,1
Sasuke,Tsunadeand,1
Sasuke,Tsuchi,1
Brow,Crow,1
Brow,Choji,1
Brothel,the,1
Bushy,Leaf,1
Bushy,Kiba,1
Bushy,Jako,1
Bushy,Ino,1
Bushy,Grandpa,1
Bushy,Genin,1
Bushy,Cricket,1
Bushy,Choji,1
Sasuke,andShino,1
Sasuke,aboutOrochimaru,1
Sasuke,Yogabut,1
Bushy,Sansho,1
Bushy,Sand,1
Sasuke,mewho,1
Sasuke,meto,1
Sasuke,methe,1
Sasuke,lnu,1
Sasuke,lno,1
Sasuke,isSasuke,1
Sasuke,himeven,1
Sasuke,haveramen,1
Sasuke,celebrateShikamaru,1
Sasuke,bro,1
Sasuke,bringSasuke,1
Sasuke,beShino,1
Sasuke,backeven,1
Bunzo,Shizune,1
Brow,Sensei,1
Brow,Naruto,1
Sasuke,us,1
Sasuke,uma,1
Sasuke,thatltachi,1
Sasuke,thatGaara,1
Bro,Sasuke,1
Bro,Ninja,1
Bro,Konohamaru,1
Bro,Iruka,1
Bro,Chunin,1
Bounty,Gosunkugi,1
Boulder,–,1
Boulder,Trapper,1
Boulder,Shikamaru,1
Sasuke,sonny,1
Sasuke,saru,1
Sasuke,ofKakashi,1
Sasukedrove,Tenten,1
Sasukeare,Tsunade,1
Sasuke!Kabuto,This,1
Boulder,Ninja,1
Boulder,Neji,1
Boulder,Hinata,1
Boss,Wasabi,1
Boss,Wagarashi,1
Boss,Sasuke,1
Boss,Ninja,1
Boss,Hokage,1
Bloom,Tsunade,1
Bloom,Guy,1
Bloom,Genin,1
Sasuke,visitSasuke,1
Sasuke,ushi,1
Black,Gaara,1
Bikochu,–,1
Bikochu,whenHinata,1
Bikochu,andShino,1
Bikochu,Rasengan,1
Satomi,Yakumoout,1
Satomi,Shino,1
Sasukewhile,Tsunade,1
Sasukewas,Uchiha,1
Sasukeusing,Sharingan,1
Sasukemaster,whereKakashi,1
Sasukemaster,Shikamaru,1
Sasukeis,kickedBushy,1
Sasukein,aboutDosu,1
Sasukein,Zaku,1
Sasukein,Tsunade,1
Sensei,removingKurenai,1
Sensei,powersYakumo,1
Sensei,andNaruto,1
Bikochu,Kamizuru,1
Bikochu,Hinatawill,1
Bikochu,Hinataever,1
Bikochu,Grandfather,1
Bikochu,Chunin,1
Sensei,Yakumoto,1
Sensei,Yagurathat,1
Sensei,Unkai,1
Seimei,The,1
Scaredy-Cat,takeSasuke,1
Sazanami,Tokichiis,1
Blade,Rasengan,1
Blade,Ninja,1
Sharingan,uma,1
Sharingan,tori,1
Sharingan,tatsu,1
Sharingan,hitsuji,1
Sharingan,Tori,1
Sharingan,Shinobi,1
Shadow,the,1
Shadow,Tyson,1
Shadow,The,1
Shadow,Shino,1
Sentaif,Tsunade,1
Sentaif,Shizune,1
Sensei,–,1
Sensei,underZabuza,1
Sensei,tolsaribi,1
Sensei,thatKakashi,1
Shark,Summo,1
Beeswax,Hinata,1
Beast,Yotaka,1
Beast,The,1
Beast,Sumaru,1
Beast,Shisou,1
Beast,Shadow,1
Beast,Natsuhi,1
Beast,Mizura,1
Beast,Kujaku,1
Beast,Hokuto,1
Bastard,whenJirocho,1
Bastard,Wagarashi,1
Bastard,Tsunade,1
Bastard,Sasuke,1
Bastard,Sakura,1
Shikamaru,Udon,1
Shikamaru,Tunneling,1
Shikamaru,The,1
Shikamaru,Tenten,1
Shikamaru,Suiko,1
Shikamaru,Shukaku,1
Shikamaru,Shinobilike,1
Shikamaru,Shinobi,1
Shikamaru,Shikamaruis,1
Shikamaru,Shikamarugave,1
Shikamar,Shikamaruis,1
Shikamar,Shikamaru,1
Shikaku,lt,1
Shikaku,Tsunade,1
Shikaku,Shikamaru,1
Shijimi,forKakashi,1
Ayame,Ninja,1
Ayame,Ichiraku,1
Attaboy,Genno,1
Bastard,Naruto,1
Bastard,Fukusuke,1
Baki,Shukaku,1
Baki,Naruto,1
Baki,Gamabunta,1
B-Bushy,Sakurawith,1
B-Bushy,Rock,1
Ayameback,the,1
Ayameback,Teuchi,1
Ayameback,Ryoninor,1
Shikamaru,a,1
Shikamaru,Zaku,1
Shikamaru,Yurinojou,1
Asuma,Humph,1
Asuma,a,1
Asuma,Uchiha,1
Asuma,Shikamaruand,1
Asuma,Sensei,1
Asuma,Neji,1
Shinemon,the,1
Shikamaru,thatNeji,1
Shikamaru,roger,1
Shikamaru,meto,1
Shikamaru,kickedBushy,1
Shikamaru,interceptedTenten,1
Shikamaru,him,1
Shikamaru,forGenno,1
Shikamaru,andSasuke,1
Ayame,ramen,1
Shino,ofYakumo,1
Shino,ofSasuke,1
Arashi,Jiraiyato,1
Asuma,Genin,1
Art,Jonin,1
Arashiyou,Jigumo,1
Shino,mewho,1
Shino,locateSasuke,1
Shino,calledShino,1
Shino,Yakumoto,1
Shino,Yakumoout,1
Shino,Uchiha,1
Shino,Tunneling,1
Shino,Tobei,1
Shino,Shinoas,1
Asuma,Konohamaru,1
Shisou,the,1
Aoi,The,1
Aoi,Oli,1
Aoi,Jelly,1
Aoi,Humph,1
Aoi,Fukusuke,1
Ankoand,Shino,1
Ankoand,Naruto,1
Shisou,Tsunade,1
Shinobilike,Uchiha,1
Shinobi,the,1
Shinobi,myselffor,1
Shinobi,Tsunade,1
Shinobi,Tazuna,1
Shino,wasYuhi,1
Shino,thatGenno,1
Anko,Sound,1
Anko,Shadow,1
Anko,Sensei,1
Anko,Roger,1
Anko,Rasengan,1
Anko,Orochimaruis,1
Anko,Obito,1
Shizune,meetOrochimaru,1
Shizune,lruka,1
Shizune,isManda,1
Shizune,controland,1
Shizune,Tsunadedo,1
Shizune,Tonton,1
Shizune,The,1
Shizune,Temari,1
Shisui,Uchiha,1
Anko,Chunin,1
Anbu,Yoroi,1
Anbu,Uchiha,1
Anbu,Tsurugi,1
Anbu,The,1
Sitting,the,1
Sis,–,1
Shuriken,Zaku,1
Shura,The,1
Shun,Tsunade,1
Shun,The,1
Shukaku,–,1
Shukaku,suppressingShukaku,1
Anko,on,1
Anko,andOrochimaru,1
Anko,Uchiha,1
Anbu,Raido,1
Anbu,Lee,1
Anbu,Kazekage,1
Anbu,Humph,1
Anbu,Hinata,1
An,powersYakumo,1
An,Yuhi,1
Tayuya,fatso,1
Tayuya,correctsTayuya,1
Tayuya,Tunneling,1
Tamaya,Tsunade,1
Sumaru,Tsunade,1
Anko,Konohamaru,1
Anko,Kakashi,1
Anko,Gekko,1
Anko,C’m,1
Tenten,interceptedTenten,1
Tenten,Yagurathat,1
Tenten,Tsunade,1
Tenten,The,1
Temari,the,1
Temari,interceptedTenten,1
Temari,bringSasuke,1
Temari,a,1
Temari,Yogabut,1
Temari,Tyson,1
Temari,Tsunade,1
Tazuna,copiesZabuza,1
Tazuna,The,1
Tayuya,the,1
Tayuya,fightSasuke,1
Anbu,Sakura,1
An,Naruto,1
An,Kurenai,1
Ami,Sensei,1
Ami,Ino,1
Ami,Brow,1
Amaterasu,Sasuke,1
Amaterasu,Pervy,1
Amaterasu,Naruto,1
Amachi,mewho,1
Amachi,lsaribi,1
Amachi,Shino,1
Amachi,Naruto,1
That,methat,1
Teuchi,meto,1
Teuchi,The,1
Tenten,overSasuke,1
The,underKurenai,1
The,star,1
The,my,1
The,importantKurenai,1
The,gettingRokusuke,1
The,andSasuke,1
The,absorbingYakumo,1
The,aboutSasuke,1
The,Yurinoshin,1
The,Yurinojou,1
The,Uchiha,1
The,Tsuzumi,1
The,Tori,1
The,Tonton,1
The,Todoroki,1
An,Sakura,1
Akatsuki,intoOrochimaru,1
Amachi,Chief,1
Alley,Guy,1
Alley,Bushy,1
Akioand,Todoroki,1
Akio,the,1
Akio,getTodoroki,1
Akio,Todorokiis,1
Akio,The,1
Todoroki,a,1
Todoroki,Tsuzumi,1
Todoroki,Todorokiis,1
Tobei,entireKagetsu,1
Toad,lsaribi,1
This,the,1
Third,celebrateShikamaru,1
Transform,isAkamaru,1
Tori,the,1
Akatsuki,afterSasuke,1
Akatsuki,The,1
Akatsuki,Roger,1
Akatsuki,Hokage,1
Akatsuki,Genin,1
Akamaruto,Kiba,1
Tonton,Tsunadeto,1
Toki,mewas,1
Todoroki,fromSakura,1
Akio,Gon,1
Akio,Gantetsuand,1
Akimichi,Shikamaru,1
Akimichi,Kiba,1
Akatsuki,takeSasuke,1
Tsunade,Tsunade!You,1
Tsunada,–,1
Tsukiko,the,1
Tsubaki,lruka,1
Akamaruto,Hokage,1
Akamaruthat,Tsunade,1
Akamarubeing,–,1
Akamarubeing,Naruto,1
Akamarubeing,Hokage,1
Akamaru,sureto,1
Akamaru,norKidomaru,1
Akamaru,mewho,1
Akamaru,meanShino,1
Akamaru,me,1
Akamaru,intoAkamaru,1
Transform,the,1
Tsunade,Yurinojou,1
Akamaru,him,1
Akamaru,fatso,1
Akamaru,correctsTayuya,1
Akamaru,beShino,1
Akamaru,andKurenai,1
Akamaru,Ukon,1
Akamaru,Torpedo,1
Akamaru,That,1
Tsunade,Yotaka,1
Tsunade,Yagurathat,1
Tsunade,Uchiha,1
Tsunade,Tsunadewho,1
Tsunade,Tsunadeis,1
Tsunade,Tsunadea,1
Tsunade,Tsunade's,1
Tsunade,methat,1
Tsunade,meetOrochimaru,1
Akamaru,Sensei,1
Akamaru,Sasukeback,1
Akamaru,Sand,1
Akamaru,Sakurawith,1
Akamaru,Onbaa,1
Tsunade,lruka,1
Tsunade,inu,1
Tsunade,byKakashi,1
Tsunade,bro,1
Tsunade,anyonewho,1
Tsunade,alleven,1
Tsunade,abouthis,1
Tsunade,a-Ninja,1
Tsunade,Yurinoshin,1
Akamaru,Gosa,1
Akamaru,Chakra,1
Akamaru,Narutowill,1
Akamaru,Misogi,1
Akamaru,Leaf,1
Akamaru,Kurenai,1
Akamaru,Kimimaro,1
Akamaru,Kibawith,1
Akamaru,Iruka,1
Akamaru,Humph,1
Tsurugi,Yoroi,1
Tsunade's,Tsunadea,1
Tsunade,thoughAnko,1
Tsunade,thatTsunade,1
Tsunade,thatGenno,1
Tsunade,saru,1
Akamaru,Akamaruwho,1
Akahoshiis,Neji,1
Akahoshiis,Mizura,1
Akahoshiis,Hoshikage,1
Akahoshi,whatNeji,1
Uchiha,the,1
Uchiha,isSasuke,1
Uchiha,andNeji,1
Uchiha,a,1
Uchiha,Yashamaru,1
Tyson,the,1
Tyson,head,1
Tsuzumi,the,1
Akamaru,Hinatas,1
Akamaru,Hidden,1
Akamaru,Hiashi,1
Akahoshi,Hoshikageand,1
Akahoshi,Hokage,1
Akahoshi,Granny,1
Akahoshi,methe,1
Akahoshi,Rogue,1
Akahoshi,Ninja,1
Uzumaki,the,1
Uzumaki,Wasabi,1
Unkai,wasYuhi,1
Unkai,ofYakumo,1
Unkai,Yakumoto,1
Unkai,Yakumoout,1
Akamaru,Bikochu,1
Akamaru,Attaboy,1
Akamaru,Asia,1
Akamaru,Anbu,1
Yakumo,underKurenai,1
Akagi,Tsunade,1
Akagi,Sasukeare,1
Akagi,Kakashi,1
Akagi,Hokage,1
Agira,Rokkaku,1
Agira,Jako,1
Agira,Guy,1
Agira,Gensho,1
Agari,Tsunade,1
Yakitori,the,1
Yagura,–,1
Yagura,tim,1
Yagura,Yagurathat,1
Warrior,the,1
Akahoshi,Kunoichiwho,1
Yurinoshin,sureto,1
Yuhi,handleYakumo,1
Yotaka,the,1
Agari,Naruto,1
Agari,Kiba,1
Agari,Hinata,1
Achilles,Ninja,1
Achilles,Fatso,1
Achilles,Choji,1
Aburame,Shino,1
Abumi,the,1
Abumi,Sakura,1
Abumi,Naruto,1
Yogabut,head,1
Yakumo,–,1
Yakumo,wasYuhi,1
fightSasuke,the,1
fatso,–,1
d,madeYakumo,1
correctsTayuya,fatso,1
controland,meetOrochimaru,1
becomeHokage,controland,1
andSasuke,meto,1
andOrochimaru,on,1
andNeji,isSasuke,1
alsoSasuke,isSasuke,1
afterSasuke,intoOrochimaru,1
aboutOrochimaru,toOrochimaru,1
Zaku,the,1
Zabuza,methe,1
Zabuza,mealong,1
ZABUSA,–,1
head,whomMurakumo,1
head,the,1
head,ofYakumo,1
haveramen,the,1
A-Anko,the,1
A-Anko,Shino,1
A-Anko,Naruto,1
A-Anko,Ankoand,1
A,Tonton,1
A,The,1
A,Sound,1
A,Orochimaruis,1
A,Konohamaru,1
haveramen,killedlruka,1
getTodoroki,the,1
forKakashi,the,1
-Lord,Hokuto,1
!,Amachi,1
underGaara,wordsGaara,1
!,Isaribi,1
!,Toad,1
on,thatSasuke,1
ofYakumo,wasYuhi,1
ne,tori,1
ne,tatsu,1
mewas,the,1
meto,the,1
methe,us,1
methe,the,1
meon,those,1
melike,the,1
measureSasuke,whereKakashi,1
Kakashi,Tatsu,1
Kakashi,Shirker,1
Kakashi,Shikaku,1
Kakashi,Shadow,1
Kakashi,Sasukewhile,1
Kakashi,Sasukeusing,1
Kakashi,Sasukemaster,1
Kakashi,Sasukein,1
thoughtChoji,~FATSO,1
the,tolsaribi,1
star,the,1
protectingOrochimaru,the,1
powersYakumo,sealedYakumo,1
outPervy,the,1
on,–,1
-Lord,Naruto,1
